property_id,suburb,postcode,address,sale_price,sale_date,sale_method,property_type,bedrooms,bathrooms,parking,recorded_area_m2,recorded_area_source,advertised_area_m2,land_size_m2,land_size_context,floor_area_m2,year_built,zoning,strata_indicator,strata_lot_number,latitude,longitude,distance_to_cbd_km,nearest_station_name,distance_to_nearest_station_km,nearest_school_name,distance_to_school_km,major_shopping_name,distance_to_shopping_km,balcony,pool,study,renovated,air_conditioning,agent_description_title,agent_description_excerpt,agent_description_text,property_profile_source_url,web_enrichment_source_url,original_listing_url,original_base_source_url,original_source_primary,nsw_property_id,nsw_match_type,description_verified,area_notes,data_notes,enrichment_notes,location_coordinate_source,location_coordinate_method,location_coordinate_source_url,geo_verified,cbd_reference_name,cbd_reference_latitude,cbd_reference_longitude,cbd_reference_source_url,cbd_distance_method,nearest_station_coordinate_source_url,station_distance_method,geospatial_quality_note
CHIP001,Chippendale,2008,604/81 O'Connor Street,1825000,2026-08-05,Private Treaty,Apartment,2,2,1,126,nsw_exact_address,,,,,,,Yes,177,-33.88613010,151.20055353,1.529,Central Station,0.449,Inner Sydney High School,0.61,,,Yes,,,,Yes,,,,https://www.property.com.au/nsw/chippendale-2008/oconnor-st/604-81-pid-19651603/,https://www.property.com.au/nsw/chippendale-2008/oconnor-st/604-81-pid-19651603/,,https://www.domain.com.au/sold-listings/chippendale-nsw-2008/,Domain public sold-listing data + NSW Valuer General exact-address reference,4165590,address_history,False,nsw_recorded_area_m2 preserves the NSW PSI recorded area; its meaning can differ from an advertised internal floor area.,"NSW exact-address match is a prior transaction/history reference, not the 2026 target sale.",Exact profile explicitly lists balcony and air conditioning. The closest school shown on the profile is Inner Sydney High School at 0.61 km. The scheme parcel area was not used as apartment floor area.,Property.com.au public property-profile map,building-level profile map coordinate,https://www.property.com.au/nsw/chippendale-2008/oconnor-st/604-81-pid-19651603/,Yes,Sydney Town Hall,-33.8732096512,151.2062082520,https://apps.environment.nsw.gov.au/dpcheritageapp/ViewHeritageItemDetails.aspx?ID=5051902,Haversine straight-line distance,https://apps.environment.nsw.gov.au/dpcheritageapp/ViewHeritageItemDetails.aspx?ID=5012230,Haversine straight-line distance,"Property/building coordinate verified from a public property-profile map. CBD and station distances are straight-line distances, not road or walking distances."
CHIP002,Chippendale,2008,W614/2 Chippendale Way,535000,2026-08-03,Private Treaty,Apartment,1,1,0,46,domain_sold_listing,46,,,,,,,,-33.88461413,151.20029217,1.381,Central Station,0.453,,,,,Yes,,,,,Light-Filled Studio with Balcony in Central Park Precinct,"Positioned within the highly regarded Central Park precinct, this well-presented studio apartment.","Light-Filled Studio with Balcony in Central Park Precinct. Positioned within the highly regarded Central Park precinct, this well-presented studio apartment.",,,https://www.domain.com.au/w614-2-chippendale-way-chippendale-nsw-2008-2020648274,https://www.domain.com.au/sold-listings/chippendale-nsw-2008/,Domain public sold-listing data,,unmatched,True,,,Blank enrichment fields mean no sufficiently reliable public value was verified; no synthetic or inferred value was inserted.,Property.com.au public property-profile map,building-level profile map coordinate,,Yes,Sydney Town Hall,-33.8732096512,151.2062082520,https://apps.environment.nsw.gov.au/dpcheritageapp/ViewHeritageItemDetails.aspx?ID=5051902,Haversine straight-line distance,https://apps.environment.nsw.gov.au/dpcheritageapp/ViewHeritageItemDetails.aspx?ID=5012230,Haversine straight-line distance,"Property/building coordinate verified from a public property-profile map. CBD and station distances are straight-line distances, not road or walking distances."
CHIP003,Chippendale,2008,4/11 Meagher Street,750000,2026-07-30,Private Treaty,Apartment,1,1,0,56,domain_sold_listing,56,,,56,2008,,,,-33.88759036,151.19955490,1.713,Redfern Station,0.514,,,,,,,,,,Contemporary Tri Level Living in the Heart of Chippendale,Perfectly positioned in one of Chippendale's most vibrant lifestyle pockets.,Contemporary Tri Level Living in the Heart of Chippendale. Perfectly positioned in one of Chippendale's most vibrant lifestyle pockets.,https://www.property.com.au/nsw/chippendale-2008/meagher-st/4-11-pid-2761175/,https://www.property.com.au/nsw/chippendale-2008/meagher-st/4-11-pid-2761175/,https://www.domain.com.au/4-11-meagher-street-chippendale-nsw-2008-2021039729,https://www.domain.com.au/sold-listings/chippendale-nsw-2008/,Domain public sold-listing data,,unmatched,True,,,Exact property profile reports Building size: 56 m² and Built: 2008.,Property.com.au public property-profile map,exact property-profile map coordinate,https://www.property.com.au/nsw/chippendale-2008/meagher-st/4-11-pid-2761175/,Yes,Sydney Town Hall,-33.8732096512,151.2062082520,https://apps.environment.nsw.gov.au/dpcheritageapp/ViewHeritageItemDetails.aspx?ID=5051902,Haversine straight-line distance,https://apps.environment.nsw.gov.au/dpcheritageapp/ViewHeritageItemDetails.aspx?ID=5012154,Haversine straight-line distance,"Property/building coordinate verified from a public property-profile map. CBD and station distances are straight-line distances, not road or walking distances."
CHIP004,Chippendale,2008,718/18 Park Lane,520000,2026-07-30,Private Treaty,Apartment,1,1,0,46,nsw_exact_address,,,,,,,Yes,91,-33.88573641,151.20114766,1.469,Central Station,0.384,,,,,,,,,,,,,,,,https://www.domain.com.au/sold-listings/chippendale-nsw-2008/,Domain public sold-listing data + NSW Valuer General exact-address reference,3794829,address_history,False,nsw_recorded_area_m2 preserves the NSW PSI recorded area; its meaning can differ from an advertised internal floor area.,"NSW exact-address match is a prior transaction/history reference, not the 2026 target sale.",Blank enrichment fields mean no sufficiently reliable public value was verified; no synthetic or inferred value was inserted.,Property.com.au public property-profile map,building-level profile map coordinate,,Yes,Sydney Town Hall,-33.8732096512,151.2062082520,https://apps.environment.nsw.gov.au/dpcheritageapp/ViewHeritageItemDetails.aspx?ID=5051902,Haversine straight-line distance,https://apps.environment.nsw.gov.au/dpcheritageapp/ViewHeritageItemDetails.aspx?ID=5012230,Haversine straight-line distance,"Property/building coordinate verified from a public property-profile map. CBD and station distances are straight-line distances, not road or walking distances."
CHIP005,Chippendale,2008,1513/1 Chippendale Way,680000,2026-07-29,Private Treaty,Apartment,1,1,0,,,,,,,,,,,-33.88441519,151.19964934,1.385,Central Station,0.514,,,,,,,,,,Discover Elevated Luxury Living at Central Park Unit 1513,"Positioned within the vibrant heart of Chippendale, this sophisticated residence in the iconic Duo development.","Discover Elevated Luxury Living at Central Park Unit 1513. Positioned within the vibrant heart of Chippendale, this sophisticated residence in the iconic Duo development.",,,https://www.domain.com.au/1513-1-chippendale-way-chippendale-nsw-2008-2020701189,https://www.domain.com.au/sold-listings/chippendale-nsw-2008/,Domain public sold-listing data,,unmatched,True,,,Blank enrichment fields mean no sufficiently reliable public value was verified; no synthetic or inferred value was inserted.,Property.com.au public property-profile map,building-level profile map coordinate,,Yes,Sydney Town Hall,-33.8732096512,151.2062082520,https://apps.environment.nsw.gov.au/dpcheritageapp/ViewHeritageItemDetails.aspx?ID=5051902,Haversine straight-line distance,https://apps.environment.nsw.gov.au/dpcheritageapp/ViewHeritageItemDetails.aspx?ID=5012230,Haversine straight-line distance,"Property/building coordinate verified from a public property-profile map. CBD and station distances are straight-line distances, not road or walking distances."
CHIP006,Chippendale,2008,7/38 Dangar Place,775000,2026-07-27,Private Treaty,Apartment,1,1,1,,,87,,,87,,,,,-33.88769640,151.19774916,1.790,Redfern Station,0.506,,,,,Yes,,,,,,,,,https://www.property.com.au/nsw/chippendale-2008/apartment-unit/sold/,,https://www.domain.com.au/sold-listings/chippendale-nsw-2008/,Domain public sold-listing data,,unmatched,False,,,Exact sold-property result reports 87 m²; public profile/listing information identifies it as internal/building area. Balcony is explicitly listed.,Property.com.au public property-profile map,exact property-profile map coordinate,https://www.property.com.au/nsw/chippendale-2008/apartment-unit/sold/,Yes,Sydney Town Hall,-33.8732096512,151.2062082520,https://apps.environment.nsw.gov.au/dpcheritageapp/ViewHeritageItemDetails.aspx?ID=5051902,Haversine straight-line distance,https://apps.environment.nsw.gov.au/dpcheritageapp/ViewHeritageItemDetails.aspx?ID=5012154,Haversine straight-line distance,"Property/building coordinate verified from a public property-profile map. CBD and station distances are straight-line distances, not road or walking distances."
CHIP007,Chippendale,2008,29/82 Myrtle Street,1450000,2026-07-21,Private Treaty,Apartment,2,1,1,93,domain_sold_listing,93,,,,,,,,-33.88723243,151.19727048,1.764,Redfern Station,0.566,,,,,,,,,,Industrial Elegance,Wonderfully set in the converted 'Myrtle House' and graced by a third floor-floor position.,Industrial Elegance. Wonderfully set in the converted 'Myrtle House' and graced by a third floor-floor position.,,,https://www.domain.com.au/29-82-myrtle-street-chippendale-nsw-2008-2021013678,https://www.domain.com.au/sold-listings/chippendale-nsw-2008/,Domain public sold-listing data,,unmatched,True,,,Blank enrichment fields mean no sufficiently reliable public value was verified; no synthetic or inferred value was inserted.,Property.com.au public property-profile map,building-level profile map coordinate,,Yes,Sydney Town Hall,-33.8732096512,151.2062082520,https://apps.environment.nsw.gov.au/dpcheritageapp/ViewHeritageItemDetails.aspx?ID=5051902,Haversine straight-line distance,https://apps.environment.nsw.gov.au/dpcheritageapp/ViewHeritageItemDetails.aspx?ID=5012154,Haversine straight-line distance,"Property/building coordinate verified from a public property-profile map. CBD and station distances are straight-line distances, not road or walking distances."
CHIP008,Chippendale,2008,26 Shepherd Street,2105000,2026-07-17,Private Treaty,House,3,2,1,108,domain_sold_listing,108,107.5,property/lot area,,,R1,,,-33.88523435,151.19623018,1.624,Redfern Station,0.806,,,,,,,,Yes,,Renovated Heritage Terrace in the Heart of Chippendale,"A renovated three-bedroom terrace with a generous 5m frontage, creating an immediate sense of space.","Renovated Heritage Terrace in the Heart of Chippendale. A renovated three-bedroom terrace with a generous 5m frontage, creating an immediate sense of space.",,,https://www.domain.com.au/26-shepherd-street-chippendale-nsw-2008-2021020157,https://www.domain.com.au/sold-listings/chippendale-nsw-2008/,Domain public sold-listing data + NSW Valuer General exact-address reference,2145454,address_history,True,Domain sold page displays two area values (134m² and 108m²); 108m² retained from sold-card dataset. land_size_m2 populated from exact-address NSW recorded area for a non-strata residential record. nsw_recorded_area_m2 preserves the NSW PSI recorded area; its meaning can differ from an advertised internal floor area.,"NSW exact-address match is a prior transaction/history reference, not the 2026 target sale.",Blank enrichment fields mean no sufficiently reliable public value was verified; no synthetic or inferred value was inserted.,Property.com.au public property-profile map,exact property-profile map coordinate,,Yes,Sydney Town Hall,-33.8732096512,151.2062082520,https://apps.environment.nsw.gov.au/dpcheritageapp/ViewHeritageItemDetails.aspx?ID=5051902,Haversine straight-line distance,https://apps.environment.nsw.gov.au/dpcheritageapp/ViewHeritageItemDetails.aspx?ID=5012154,Haversine straight-line distance,"Property/building coordinate verified from a public property-profile map. CBD and station distances are straight-line distances, not road or walking distances."
CHIP009,Chippendale,2008,9/60-68 City Road,635000,2026-07-14,Private Treaty,Apartment,1,1,1,85,domain_sold_listing,85,,,,,,,,-33.88687594,151.19435135,1.873,Redfern Station,0.716,,,,,,,,,,Contemporary city living with exceptional lifestyle appeal,"Positioned within one of Chippendale's most sought-after residential pocket, this stylish apartment.","Contemporary city living with exceptional lifestyle appeal. Positioned within one of Chippendale's most sought-after residential pocket, this stylish apartment.",,,https://www.domain.com.au/9-60-68-city-road-chippendale-nsw-2008-2020920809,https://www.domain.com.au/sold-listings/chippendale-nsw-2008/,Domain public sold-listing data,,unmatched,True,,,Blank enrichment fields mean no sufficiently reliable public value was verified; no synthetic or inferred value was inserted.,Property.com.au public property-profile map,exact property-profile map coordinate,,Yes,Sydney Town Hall,-33.8732096512,151.2062082520,https://apps.environment.nsw.gov.au/dpcheritageapp/ViewHeritageItemDetails.aspx?ID=5051902,Haversine straight-line distance,https://apps.environment.nsw.gov.au/dpcheritageapp/ViewHeritageItemDetails.aspx?ID=5012154,Haversine straight-line distance,"Property/building coordinate verified from a public property-profile map. CBD and station distances are straight-line distances, not road or walking distances."
CHIP010,Chippendale,2008,505/81 O'Connor Street,1700000,2026-06-26,Private Treaty,Apartment,2,2,1,125,domain_sold_listing,125,,,,,,Yes,143,-33.88613010,151.20055353,1.529,Central Station,0.449,,,,,Yes,,Yes,,Yes,Executive 2 Bedroom + Study | North-Facing Luxury in 'Wonderland',Experience sophisticated urban living in the award-winning 'Wonderland' building at Central Park.,Executive 2 Bedroom + Study | North-Facing Luxury in 'Wonderland'. Experience sophisticated urban living in the award-winning 'Wonderland' building at Central Park.,https://www.property.com.au/nsw/chippendale-2008/oconnor-st/505-81-pid-19651703/,https://www.property.com.au/nsw/chippendale-2008/oconnor-st/505-81-pid-19651703/,https://www.domain.com.au/505-81-o-connor-street-chippendale-nsw-2008-2020136960,https://www.domain.com.au/sold-listings/chippendale-nsw-2008/,Domain public sold-listing data + NSW Valuer General exact-address reference,4165590,address_history,True,nsw_recorded_area_m2 preserves the NSW PSI recorded area; its meaning can differ from an advertised internal floor area.,"NSW exact-address match is a prior transaction/history reference, not the 2026 target sale.","Exact property profile explicitly lists balcony, study and reverse-cycle air conditioning.",Property.com.au public property-profile map,building-level profile map coordinate,https://www.property.com.au/nsw/chippendale-2008/oconnor-st/505-81-pid-19651703/,Yes,Sydney Town Hall,-33.8732096512,151.2062082520,https://apps.environment.nsw.gov.au/dpcheritageapp/ViewHeritageItemDetails.aspx?ID=5051902,Haversine straight-line distance,https://apps.environment.nsw.gov.au/dpcheritageapp/ViewHeritageItemDetails.aspx?ID=5012230,Haversine straight-line distance,"Property/building coordinate verified from a public property-profile map. CBD and station distances are straight-line distances, not road or walking distances."
CHIP011,Chippendale,2008,2602/18A Park Lane,2165000,2026-06-25,Private Treaty,Apartment,3,2,2,186,domain_sold_listing,186,,,,,,,,-33.88555355,151.20136588,1.444,Central Station,0.360,,,,,,,,,,Sub-Penthouse Living | 270° Panoramic City Views in Sydney's Tech Hub,Positioned on the sub-penthouse level within the globally recognised Central Park precinct.,Sub-Penthouse Living | 270° Panoramic City Views in Sydney's Tech Hub. Positioned on the sub-penthouse level within the globally recognised Central Park precinct.,,,https://www.domain.com.au/2602-18a-park-lane-chippendale-nsw-2008-2020760415,https://www.domain.com.au/sold-listings/chippendale-nsw-2008/,Domain public sold-listing data,,unmatched,True,,,Blank enrichment fields mean no sufficiently reliable public value was verified; no synthetic or inferred value was inserted.,Property.com.au public property-profile map,exact property-profile map coordinate,,Yes,Sydney Town Hall,-33.8732096512,151.2062082520,https://apps.environment.nsw.gov.au/dpcheritageapp/ViewHeritageItemDetails.aspx?ID=5051902,Haversine straight-line distance,https://apps.environment.nsw.gov.au/dpcheritageapp/ViewHeritageItemDetails.aspx?ID=5012230,Haversine straight-line distance,"Property/building coordinate verified from a public property-profile map. CBD and station distances are straight-line distances, not road or walking distances."
CHIP012,Chippendale,2008,3/3 Queen Street,2160000,2026-06-24,Private Treaty,Apartment,2,2,1,,,,,,,,,,,-33.88698427,151.20033154,1.625,Central Station,0.504,,,,,,,,,,Sold Off Market by Charles Touma,Sold Off Market by Charles Touma,Sold Off Market by Charles Touma. Sold Off Market by Charles Touma,,,https://www.domain.com.au/3-3-queen-street-chippendale-nsw-2008-2020938861,https://www.domain.com.au/sold-listings/chippendale-nsw-2008/,Domain public sold-listing data,,unmatched,True,,,Blank enrichment fields mean no sufficiently reliable public value was verified; no synthetic or inferred value was inserted.,Property.com.au public property-profile map,building-level profile map coordinate,,Yes,Sydney Town Hall,-33.8732096512,151.2062082520,https://apps.environment.nsw.gov.au/dpcheritageapp/ViewHeritageItemDetails.aspx?ID=5051902,Haversine straight-line distance,https://apps.environment.nsw.gov.au/dpcheritageapp/ViewHeritageItemDetails.aspx?ID=5012230,Haversine straight-line distance,"Property/building coordinate verified from a public property-profile map. CBD and station distances are straight-line distances, not road or walking distances."
CHIP013,Chippendale,2008,507/2 Chippendale Way,535000,2026-06-19,Private Treaty,Apartment,1,1,0,,,46,,,,,,,,-33.88461413,151.20029217,1.381,Central Station,0.453,,,,,,,,,,,,,,https://www.property.com.au/nsw/chippendale-2008/apartment-unit/sold/,,https://www.domain.com.au/sold-listings/chippendale-nsw-2008/,Domain public sold-listing data,,unmatched,False,,,Blank enrichment fields mean no sufficiently reliable public value was verified; no synthetic or inferred value was inserted.,Property.com.au public property-profile map,building-level profile map coordinate,https://www.property.com.au/nsw/chippendale-2008/apartment-unit/sold/,Yes,Sydney Town Hall,-33.8732096512,151.2062082520,https://apps.environment.nsw.gov.au/dpcheritageapp/ViewHeritageItemDetails.aspx?ID=5051902,Haversine straight-line distance,https://apps.environment.nsw.gov.au/dpcheritageapp/ViewHeritageItemDetails.aspx?ID=5012230,Haversine straight-line distance,"Property/building coordinate verified from a public property-profile map. CBD and station distances are straight-line distances, not road or walking distances."
CHIP014,Chippendale,2008,11/82 Myrtle Street,1470000,2026-06-19,Auction,Apartment,2,1,1,96,domain_sold_listing,96,,,,,,,,-33.88723243,151.19727048,1.764,Redfern Station,0.566,,,,,,,,,,Industrial soul,Wonderfully set in the converted 'Myrtle House' framed by leafy views from its first-floor position.,Industrial soul. Wonderfully set in the converted 'Myrtle House' framed by leafy views from its first-floor position.,,,https://www.domain.com.au/11-82-myrtle-street-chippendale-nsw-2008-2020858839,https://www.domain.com.au/sold-listings/chippendale-nsw-2008/,Domain public sold-listing data,,unmatched,True,,,Blank enrichment fields mean no sufficiently reliable public value was verified; no synthetic or inferred value was inserted.,Property.com.au public property-profile map,building-level profile map coordinate,,Yes,Sydney Town Hall,-33.8732096512,151.2062082520,https://apps.environment.nsw.gov.au/dpcheritageapp/ViewHeritageItemDetails.aspx?ID=5051902,Haversine straight-line distance,https://apps.environment.nsw.gov.au/dpcheritageapp/ViewHeritageItemDetails.aspx?ID=5012154,Haversine straight-line distance,"Property/building coordinate verified from a public property-profile map. CBD and station distances are straight-line distances, not road or walking distances."
CHIP015,Chippendale,2008,52 Myrtle Street,1850000,2026-06-11,Private Treaty,House,3,1,1,,,,119,property/lot area,,,,,,-33.88690869,151.19598265,1.792,Redfern Station,0.639,,,,,,,,,,Sold off market by Leon Parker,,Sold off market by Leon Parker,https://www.property.com.au/nsw/chippendale-2008/myrtle-st/52-pid-1196044/,https://www.property.com.au/nsw/chippendale-2008/myrtle-st/52-pid-1196044/,,https://www.domain.com.au/52-myrtle-street-chippendale-nsw-2008-2020910898,Domain public sold-listing data,,unmatched,False,,,Exact property profile reports 119 m² land.,Property.com.au public property-profile map,exact property-profile map coordinate,https://www.property.com.au/nsw/chippendale-2008/myrtle-st/52-pid-1196044/,Yes,Sydney Town Hall,-33.8732096512,151.2062082520,https://apps.environment.nsw.gov.au/dpcheritageapp/ViewHeritageItemDetails.aspx?ID=5051902,Haversine straight-line distance,https://apps.environment.nsw.gov.au/dpcheritageapp/ViewHeritageItemDetails.aspx?ID=5012154,Haversine straight-line distance,"Property/building coordinate verified from a public property-profile map. CBD and station distances are straight-line distances, not road or walking distances."
CHIP016,Chippendale,2008,G04/8 Central Park Ave,990000,2026-06-02,Private Treaty,Apartment,1,1,1,,,106,,,,,,,,-33.88582003,151.19909731,1.548,Central Station,0.571,,,,,,,,,,,,,,https://www.property.com.au/nsw/chippendale-2008/apartment-unit/sold/,,https://www.domain.com.au/sold-listings/chippendale-nsw-2008/,Domain public sold-listing data,,unmatched,False,,,Blank enrichment fields mean no sufficiently reliable public value was verified; no synthetic or inferred value was inserted.,Property.com.au public property-profile map,exact property-profile map coordinate,https://www.property.com.au/nsw/chippendale-2008/apartment-unit/sold/,Yes,Sydney Town Hall,-33.8732096512,151.2062082520,https://apps.environment.nsw.gov.au/dpcheritageapp/ViewHeritageItemDetails.aspx?ID=5051902,Haversine straight-line distance,https://apps.environment.nsw.gov.au/dpcheritageapp/ViewHeritageItemDetails.aspx?ID=5012230,Haversine straight-line distance,"Property/building coordinate verified from a public property-profile map. CBD and station distances are straight-line distances, not road or walking distances."
CHIP017,Chippendale,2008,1819/18 Park Lane,555000,2026-06-01,Private Treaty,Apartment,1,1,0,,,,,,,,,,,-33.88573641,151.20114766,1.469,Central Station,0.384,,,,,,,,,,,,,,,,https://www.domain.com.au/sold-listings/chippendale-nsw-2008/,Domain public sold-listing data,,unmatched,False,,,Blank enrichment fields mean no sufficiently reliable public value was verified; no synthetic or inferred value was inserted.,Property.com.au public property-profile map,building-level profile map coordinate,,Yes,Sydney Town Hall,-33.8732096512,151.2062082520,https://apps.environment.nsw.gov.au/dpcheritageapp/ViewHeritageItemDetails.aspx?ID=5051902,Haversine straight-line distance,https://apps.environment.nsw.gov.au/dpcheritageapp/ViewHeritageItemDetails.aspx?ID=5012230,Haversine straight-line distance,"Property/building coordinate verified from a public property-profile map. CBD and station distances are straight-line distances, not road or walking distances."
CHIP018,Chippendale,2008,209/82-84 Abercrombie Street,600000,2026-05-15,Private Treaty,Apartment,1,1,0,,,42,,,,,,,,-33.88694973,151.19902666,1.665,Redfern Station,0.580,,,,,,,,,,,,,,https://www.property.com.au/nsw/chippendale-2008/apartment-unit/sold/,,https://www.domain.com.au/sold-listings/chippendale-nsw-2008/,Domain public sold-listing data,,unmatched,False,,,Blank enrichment fields mean no sufficiently reliable public value was verified; no synthetic or inferred value was inserted.,Property.com.au public property-profile map,building-level profile map coordinate,https://www.property.com.au/nsw/chippendale-2008/apartment-unit/sold/,Yes,Sydney Town Hall,-33.8732096512,151.2062082520,https://apps.environment.nsw.gov.au/dpcheritageapp/ViewHeritageItemDetails.aspx?ID=5051902,Haversine straight-line distance,https://apps.environment.nsw.gov.au/dpcheritageapp/ViewHeritageItemDetails.aspx?ID=5012154,Haversine straight-line distance,"Property/building coordinate verified from a public property-profile map. CBD and station distances are straight-line distances, not road or walking distances."
CHIP019,Chippendale,2008,412/1 Chippendale Way,630000,2026-05-13,Private Treaty,Apartment,1,1,0,,,,,,,,,,,-33.88441519,151.19964934,1.385,Central Station,0.514,,,,,,,,,,,,,,,,https://www.domain.com.au/sold-listings/chippendale-nsw-2008/,Domain public sold-listing data,,unmatched,False,,,Blank enrichment fields mean no sufficiently reliable public value was verified; no synthetic or inferred value was inserted.,Property.com.au public property-profile map,building-level profile map coordinate,,Yes,Sydney Town Hall,-33.8732096512,151.2062082520,https://apps.environment.nsw.gov.au/dpcheritageapp/ViewHeritageItemDetails.aspx?ID=5051902,Haversine straight-line distance,https://apps.environment.nsw.gov.au/dpcheritageapp/ViewHeritageItemDetails.aspx?ID=5012230,Haversine straight-line distance,"Property/building coordinate verified from a public property-profile map. CBD and station distances are straight-line distances, not road or walking distances."
CHIP020,Chippendale,2008,71 Rose Street,1550000,2026-05-12,Private Treaty,House,3,1,0,101,domain_sold_listing,101,101,property/lot area,,1880,,,,-33.88716311,151.19445451,1.893,Redfern Station,0.685,,,,,,,,,,,,,https://www.property.com.au/nsw/chippendale-2008/rose-st/71-pid-1460478/,https://www.property.com.au/nsw/chippendale-2008/rose-st/71-pid-1460478/,,https://www.domain.com.au/sold-listings/chippendale-nsw-2008/house/,Domain public sold-listing data,,unmatched,False,,,Exact property profile reports 101 m² land and Built: 1880.,Property.com.au public property-profile map,exact property-profile map coordinate,https://www.property.com.au/nsw/chippendale-2008/rose-st/71-pid-1460478/,Yes,Sydney Town Hall,-33.8732096512,151.2062082520,https://apps.environment.nsw.gov.au/dpcheritageapp/ViewHeritageItemDetails.aspx?ID=5051902,Haversine straight-line distance,https://apps.environment.nsw.gov.au/dpcheritageapp/ViewHeritageItemDetails.aspx?ID=5012154,Haversine straight-line distance,"Property/building coordinate verified from a public property-profile map. CBD and station distances are straight-line distances, not road or walking distances."
CHIP021,Chippendale,2008,101/82-84 Abercrombie Street,910000,2026-05-08,Prior to Auction,Apartment,1,1,1,,,65,,,,,,,,-33.88694973,151.19902666,1.665,Redfern Station,0.580,,,,,,,,,,,,,,https://www.property.com.au/nsw/chippendale-2008/apartment-unit/sold/,,https://www.domain.com.au/sold-listings/chippendale-nsw-2008/,Domain public sold-listing data,,unmatched,False,,,Blank enrichment fields mean no sufficiently reliable public value was verified; no synthetic or inferred value was inserted.,Property.com.au public property-profile map,building-level profile map coordinate,https://www.property.com.au/nsw/chippendale-2008/apartment-unit/sold/,Yes,Sydney Town Hall,-33.8732096512,151.2062082520,https://apps.environment.nsw.gov.au/dpcheritageapp/ViewHeritageItemDetails.aspx?ID=5051902,Haversine straight-line distance,https://apps.environment.nsw.gov.au/dpcheritageapp/ViewHeritageItemDetails.aspx?ID=5012154,Haversine straight-line distance,"Property/building coordinate verified from a public property-profile map. CBD and station distances are straight-line distances, not road or walking distances."
CHIP022,Chippendale,2008,707/1 Chippendale Way,790000,2026-05-07,Private Treaty,Apartment,1,1,0,,,,,,,,,,,-33.88441519,151.19964934,1.385,Central Station,0.514,,,,,,,,,,,,,,,,https://www.domain.com.au/sold-listings/chippendale-nsw-2008/,Domain public sold-listing data,,unmatched,False,,,Blank enrichment fields mean no sufficiently reliable public value was verified; no synthetic or inferred value was inserted.,Property.com.au public property-profile map,building-level profile map coordinate,,Yes,Sydney Town Hall,-33.8732096512,151.2062082520,https://apps.environment.nsw.gov.au/dpcheritageapp/ViewHeritageItemDetails.aspx?ID=5051902,Haversine straight-line distance,https://apps.environment.nsw.gov.au/dpcheritageapp/ViewHeritageItemDetails.aspx?ID=5012230,Haversine straight-line distance,"Property/building coordinate verified from a public property-profile map. CBD and station distances are straight-line distances, not road or walking distances."
CHIP023,Chippendale,2008,5/3 Queen Street,2226000,2026-05-02,Auction,Apartment,2,2,1,,,,,,,,,,,-33.88698427,151.20033154,1.625,Central Station,0.504,,,,,,,,,,,,,,,,https://www.domain.com.au/sold-listings/chippendale-nsw-2008/,Domain public sold-listing data,,unmatched,False,,,Blank enrichment fields mean no sufficiently reliable public value was verified; no synthetic or inferred value was inserted.,Property.com.au public property-profile map,building-level profile map coordinate,,Yes,Sydney Town Hall,-33.8732096512,151.2062082520,https://apps.environment.nsw.gov.au/dpcheritageapp/ViewHeritageItemDetails.aspx?ID=5051902,Haversine straight-line distance,https://apps.environment.nsw.gov.au/dpcheritageapp/ViewHeritageItemDetails.aspx?ID=5012230,Haversine straight-line distance,"Property/building coordinate verified from a public property-profile map. CBD and station distances are straight-line distances, not road or walking distances."
CHIP024,Chippendale,2008,34/1 Dwyer Street,407000,2026-05-01,Private Treaty,Studio,0,1,0,,,,,,,,,,,,,,,,,,,,,,,,,,,,,,,https://www.domain.com.au/sold-listings/chippendale-nsw-2008/apartment/studio/,Domain public sold-listing data,,unmatched,False,,,Blank enrichment fields mean no sufficiently reliable public value was verified; no synthetic or inferred value was inserted.,,,,No,Sydney Town Hall,-33.8732096512,151.2062082520,https://apps.environment.nsw.gov.au/dpcheritageapp/ViewHeritageItemDetails.aspx?ID=5051902,,,,No sufficiently reliable property coordinate was verified in this enrichment pass; coordinate-derived fields were deliberately left blank rather than estimated.
CHIP025,Chippendale,2008,1801/1 Chippendale Way,940000,2026-04-30,Private Treaty,Apartment,1,1,1,90,domain_sold_listing,90,,,,,,,,-33.88441519,151.19964934,1.385,Central Station,0.514,,,,,,,,,,,,,,,,https://www.domain.com.au/sold-listings/chippendale-nsw-2008/?page=2,Domain public sold-listing data,,unmatched,False,,,Blank enrichment fields mean no sufficiently reliable public value was verified; no synthetic or inferred value was inserted.,Property.com.au public property-profile map,building-level profile map coordinate,,Yes,Sydney Town Hall,-33.8732096512,151.2062082520,https://apps.environment.nsw.gov.au/dpcheritageapp/ViewHeritageItemDetails.aspx?ID=5051902,Haversine straight-line distance,https://apps.environment.nsw.gov.au/dpcheritageapp/ViewHeritageItemDetails.aspx?ID=5012230,Haversine straight-line distance,"Property/building coordinate verified from a public property-profile map. CBD and station distances are straight-line distances, not road or walking distances."
CHIP026,Chippendale,2008,13/54 Regent Street,890000,2026-04-20,Private Treaty,Apartment,3,1,1,,,94,,,,,,Yes,13,,,,,,,,,,,,,,,,,,,https://www.property.com.au/nsw/chippendale-2008/apartment-unit/sold/,,https://www.domain.com.au/sold-listings/chippendale-nsw-2008/?page=2,Domain public sold-listing data + NSW Valuer General exact-address reference,3408909,same_sale,False,,NSW exact-address record also matched target sale price/date within 60 days.,Blank enrichment fields mean no sufficiently reliable public value was verified; no synthetic or inferred value was inserted.,,,,No,Sydney Town Hall,-33.8732096512,151.2062082520,https://apps.environment.nsw.gov.au/dpcheritageapp/ViewHeritageItemDetails.aspx?ID=5051902,,,,No sufficiently reliable property coordinate was verified in this enrichment pass; coordinate-derived fields were deliberately left blank rather than estimated.
CHIP027,Chippendale,2008,708/3 Carlton Street,765000,2026-04-23,Private Treaty,Apartment,1,1,1,,,,,,,,,,,-33.88467989,151.20110736,1.360,Central Station,0.378,,,,,,,,,,,,,,,,https://www.domain.com.au/sold-listings/chippendale-nsw-2008/?page=2,Domain public sold-listing data,,unmatched,False,,,Blank enrichment fields mean no sufficiently reliable public value was verified; no synthetic or inferred value was inserted.,Property.com.au public property-profile map,building-level profile map coordinate,,Yes,Sydney Town Hall,-33.8732096512,151.2062082520,https://apps.environment.nsw.gov.au/dpcheritageapp/ViewHeritageItemDetails.aspx?ID=5051902,Haversine straight-line distance,https://apps.environment.nsw.gov.au/dpcheritageapp/ViewHeritageItemDetails.aspx?ID=5012230,Haversine straight-line distance,"Property/building coordinate verified from a public property-profile map. CBD and station distances are straight-line distances, not road or walking distances."
CHIP028,Chippendale,2008,11/146 Cleveland Street,590000,2026-04-02,Private Treaty,Apartment,1,1,0,57,domain_sold_listing,57,,,,,,,,-33.88826426,151.19829140,1.827,Redfern Station,0.436,,,,,,,,,,,,,,,,https://www.domain.com.au/sold-listings/chippendale-nsw-2008/?page=2,Domain public sold-listing data,,unmatched,False,,,Blank enrichment fields mean no sufficiently reliable public value was verified; no synthetic or inferred value was inserted.,Property.com.au public property-profile map,exact property-profile map coordinate,,Yes,Sydney Town Hall,-33.8732096512,151.2062082520,https://apps.environment.nsw.gov.au/dpcheritageapp/ViewHeritageItemDetails.aspx?ID=5051902,Haversine straight-line distance,https://apps.environment.nsw.gov.au/dpcheritageapp/ViewHeritageItemDetails.aspx?ID=5012154,Haversine straight-line distance,"Property/building coordinate verified from a public property-profile map. CBD and station distances are straight-line distances, not road or walking distances."
CHIP029,Chippendale,2008,36/92-120 Cleveland Street,575000,2026-04-02,Private Treaty,Studio,0,1,1,,,,,,,,,,,-33.88806691,151.19686782,1.864,Redfern Station,0.489,,,,,,,,,,Bright studio living in the heart of Chippendale,,Bright studio living in the heart of Chippendale,,,,https://www.domain.com.au/sold-listings/chippendale-nsw-2008/?page=2,Domain public sold-listing data,,unmatched,False,,List/building profile exposes a sale price while the individual sold page displays Price Withheld.,Blank enrichment fields mean no sufficiently reliable public value was verified; no synthetic or inferred value was inserted.,Property.com.au public property-profile map,building-level profile map coordinate,,Yes,Sydney Town Hall,-33.8732096512,151.2062082520,https://apps.environment.nsw.gov.au/dpcheritageapp/ViewHeritageItemDetails.aspx?ID=5051902,Haversine straight-line distance,https://apps.environment.nsw.gov.au/dpcheritageapp/ViewHeritageItemDetails.aspx?ID=5012154,Haversine straight-line distance,"Property/building coordinate verified from a public property-profile map. CBD and station distances are straight-line distances, not road or walking distances."
CHIP030,Chippendale,2008,7/18-20 Buckland Street,920000,2026-04-01,Private Treaty,Apartment,2,1,1,,,,,,,,,,,-33.88607850,151.19750952,1.641,Redfern Station,0.687,,,,,,,,,,,,,,,,https://www.domain.com.au/sold-listings/chippendale-nsw-2008/?page=2,Domain public sold-listing data,,unmatched,False,,,Blank enrichment fields mean no sufficiently reliable public value was verified; no synthetic or inferred value was inserted.,Property.com.au public property-profile map,exact property-profile map coordinate,,Yes,Sydney Town Hall,-33.8732096512,151.2062082520,https://apps.environment.nsw.gov.au/dpcheritageapp/ViewHeritageItemDetails.aspx?ID=5051902,Haversine straight-line distance,https://apps.environment.nsw.gov.au/dpcheritageapp/ViewHeritageItemDetails.aspx?ID=5012154,Haversine straight-line distance,"Property/building coordinate verified from a public property-profile map. CBD and station distances are straight-line distances, not road or walking distances."
CHIP031,Chippendale,2008,805/1 Chippendale Way,1680000,2026-03-30,Private Treaty,Apartment,3,3,2,,,,,,,,,,,-33.88441519,151.19964934,1.385,Central Station,0.514,,,,,,,,,,,,,,,,https://www.domain.com.au/sold-listings/chippendale-nsw-2008/?page=2,Domain public sold-listing data,,unmatched,False,,,Blank enrichment fields mean no sufficiently reliable public value was verified; no synthetic or inferred value was inserted.,Property.com.au public property-profile map,building-level profile map coordinate,,Yes,Sydney Town Hall,-33.8732096512,151.2062082520,https://apps.environment.nsw.gov.au/dpcheritageapp/ViewHeritageItemDetails.aspx?ID=5051902,Haversine straight-line distance,https://apps.environment.nsw.gov.au/dpcheritageapp/ViewHeritageItemDetails.aspx?ID=5012230,Haversine straight-line distance,"Property/building coordinate verified from a public property-profile map. CBD and station distances are straight-line distances, not road or walking distances."
CHIP032,Chippendale,2008,53 Pine Street,1800000,2026-03-29,Private Treaty,House,3,1,0,76,domain_sold_listing,76,76,property/lot area,,,,,,-33.88741949,151.19609154,1.835,Redfern Station,0.583,,,,,,,,,,,,,https://www.property.com.au/nsw/chippendale-2008/pine-st/53-pid-1346719/,https://www.property.com.au/nsw/chippendale-2008/pine-st/53-pid-1346719/,,https://www.domain.com.au/sold-listings/chippendale-nsw-2008/house/,Domain public sold-listing data,,unmatched,False,,,Exact property profile reports 76 m² land.,Property.com.au public property-profile map,exact property-profile map coordinate,https://www.property.com.au/nsw/chippendale-2008/pine-st/53-pid-1346719/,Yes,Sydney Town Hall,-33.8732096512,151.2062082520,https://apps.environment.nsw.gov.au/dpcheritageapp/ViewHeritageItemDetails.aspx?ID=5051902,Haversine straight-line distance,https://apps.environment.nsw.gov.au/dpcheritageapp/ViewHeritageItemDetails.aspx?ID=5012154,Haversine straight-line distance,"Property/building coordinate verified from a public property-profile map. CBD and station distances are straight-line distances, not road or walking distances."
CHIP033,Chippendale,2008,1516/1 Chippendale Way,925000,2026-03-21,Private Treaty,Apartment,1,1,1,79,nsw_exact_address,,,,,,,Yes,230,-33.88441519,151.19964934,1.385,Central Station,0.514,,,,,,,,,,,,,,,,https://www.domain.com.au/sold-listings/chippendale-nsw-2008/?page=2,Domain public sold-listing data + NSW Valuer General exact-address reference,4144182,same_sale,False,nsw_recorded_area_m2 preserves the NSW PSI recorded area; its meaning can differ from an advertised internal floor area.,NSW exact-address record also matched target sale price/date within 60 days.,Blank enrichment fields mean no sufficiently reliable public value was verified; no synthetic or inferred value was inserted.,Property.com.au public property-profile map,building-level profile map coordinate,,Yes,Sydney Town Hall,-33.8732096512,151.2062082520,https://apps.environment.nsw.gov.au/dpcheritageapp/ViewHeritageItemDetails.aspx?ID=5051902,Haversine straight-line distance,https://apps.environment.nsw.gov.au/dpcheritageapp/ViewHeritageItemDetails.aspx?ID=5012230,Haversine straight-line distance,"Property/building coordinate verified from a public property-profile map. CBD and station distances are straight-line distances, not road or walking distances."
CHIP034,Chippendale,2008,2 Smithers Street,1937500,2026-03-09,Prior to Auction,House,3,1,0,94.8,domain_sold_listing,94.8,95,property/lot area,,,,,,-33.88636305,151.19830480,1.634,Redfern Station,0.647,,,,,,,,,,Charming Chippendale Terrace Featuring NE Courtyard in a Vibrant Locale,,Charming Chippendale Terrace Featuring NE Courtyard in a Vibrant Locale,,https://www.property.com.au/nsw/chippendale-2008/house/sold/,,https://www.domain.com.au/2-smithers-street-chippendale-nsw-2008-2020619056,Domain public sold-listing data,,unmatched,False,,,Sold-property page reports 95 m² land.,Property.com.au public property-profile map,exact property-profile map coordinate,https://www.property.com.au/nsw/chippendale-2008/house/sold/,Yes,Sydney Town Hall,-33.8732096512,151.2062082520,https://apps.environment.nsw.gov.au/dpcheritageapp/ViewHeritageItemDetails.aspx?ID=5051902,Haversine straight-line distance,https://apps.environment.nsw.gov.au/dpcheritageapp/ViewHeritageItemDetails.aspx?ID=5012154,Haversine straight-line distance,"Property/building coordinate verified from a public property-profile map. CBD and station distances are straight-line distances, not road or walking distances."
CHIP035,Chippendale,2008,70 Rose Street,2100000,2026-02-27,Prior to Auction,House,3,1,1,139,domain_sold_listing,139,139,property/lot area,,,,,,-33.88750233,151.19481084,1.906,Redfern Station,0.635,,,,,,,,,,,,,,https://www.property.com.au/nsw/chippendale-2008/house/sold/,,https://www.domain.com.au/sold-listings/chippendale-nsw-2008/house/,Domain public sold-listing data,,unmatched,False,,,Sold-property page reports 139 m² land.,Property.com.au public property-profile map,exact property-profile map coordinate,https://www.property.com.au/nsw/chippendale-2008/house/sold/,Yes,Sydney Town Hall,-33.8732096512,151.2062082520,https://apps.environment.nsw.gov.au/dpcheritageapp/ViewHeritageItemDetails.aspx?ID=5051902,Haversine straight-line distance,https://apps.environment.nsw.gov.au/dpcheritageapp/ViewHeritageItemDetails.aspx?ID=5012154,Haversine straight-line distance,"Property/building coordinate verified from a public property-profile map. CBD and station distances are straight-line distances, not road or walking distances."
CHIP036,Chippendale,2008,1808/2 Central Park Ave,888000,2026-02-04,Private Treaty,Apartment,1,1,1,72,nsw_exact_address,,,,,,,Yes,48,-33.88470604,151.19916332,1.434,Central Station,0.557,,,,,,,,,,,,,,,,https://www.domain.com.au/sold-listings/chippendale-nsw-2008/apartment/?page=3,Domain public sold-listing data + NSW Valuer General exact-address reference,4151648,same_sale,False,nsw_recorded_area_m2 preserves the NSW PSI recorded area; its meaning can differ from an advertised internal floor area.,NSW exact-address record also matched target sale price/date within 60 days.,Blank enrichment fields mean no sufficiently reliable public value was verified; no synthetic or inferred value was inserted.,Property.com.au public property-profile map,exact property-profile map coordinate,,Yes,Sydney Town Hall,-33.8732096512,151.2062082520,https://apps.environment.nsw.gov.au/dpcheritageapp/ViewHeritageItemDetails.aspx?ID=5051902,Haversine straight-line distance,https://apps.environment.nsw.gov.au/dpcheritageapp/ViewHeritageItemDetails.aspx?ID=5012230,Haversine straight-line distance,"Property/building coordinate verified from a public property-profile map. CBD and station distances are straight-line distances, not road or walking distances."
CHIP037,Chippendale,2008,19/13-21 Abercrombie Street,840000,2026-01-31,Auction,Apartment,1,1,0,50,nsw_exact_address,,,,,,,Yes,19,-33.88550790,151.19846114,1.543,Central Station,0.625,,,,,,,,,,,,,,,,https://www.domain.com.au/sold-listings/chippendale-nsw-2008/apartment/?page=3,Domain public sold-listing data + NSW Valuer General exact-address reference,2105815,same_sale,False,nsw_recorded_area_m2 preserves the NSW PSI recorded area; its meaning can differ from an advertised internal floor area.,NSW exact-address record also matched target sale price/date within 60 days.,Blank enrichment fields mean no sufficiently reliable public value was verified; no synthetic or inferred value was inserted.,Property.com.au public property-profile map,exact property-profile map coordinate,,Yes,Sydney Town Hall,-33.8732096512,151.2062082520,https://apps.environment.nsw.gov.au/dpcheritageapp/ViewHeritageItemDetails.aspx?ID=5051902,Haversine straight-line distance,https://apps.environment.nsw.gov.au/dpcheritageapp/ViewHeritageItemDetails.aspx?ID=5012230,Haversine straight-line distance,"Property/building coordinate verified from a public property-profile map. CBD and station distances are straight-line distances, not road or walking distances."
CHIP038,Chippendale,2008,E418/85 O'Connor Street,829000,2026-01-23,Private Treaty,Apartment,1,1,0,,,,,,,,,,,,,,,,,,,,,,,,,,,,,,,https://www.domain.com.au/sold-listings/chippendale-nsw-2008/apartment/?page=3,Domain public sold-listing data,,unmatched,False,,,Blank enrichment fields mean no sufficiently reliable public value was verified; no synthetic or inferred value was inserted.,,,,No,Sydney Town Hall,-33.8732096512,151.2062082520,https://apps.environment.nsw.gov.au/dpcheritageapp/ViewHeritageItemDetails.aspx?ID=5051902,,,,No sufficiently reliable property coordinate was verified in this enrichment pass; coordinate-derived fields were deliberately left blank rather than estimated.
CHIP039,Chippendale,2008,11/9-27 Moorgate Street,1600000,2026-01-21,Prior to Auction,Apartment,2,1,1,,,,,,,,,Yes,11,,,,,,,,,,,,,,,,,,,,,https://www.domain.com.au/sold-listings/chippendale-nsw-2008/apartment/?page=3,Domain public sold-listing data + NSW Valuer General exact-address reference,2136590,address_history,False,,"NSW exact-address match is a prior transaction/history reference, not the 2026 target sale.",Blank enrichment fields mean no sufficiently reliable public value was verified; no synthetic or inferred value was inserted.,,,,No,Sydney Town Hall,-33.8732096512,151.2062082520,https://apps.environment.nsw.gov.au/dpcheritageapp/ViewHeritageItemDetails.aspx?ID=5051902,,,,No sufficiently reliable property coordinate was verified in this enrichment pass; coordinate-derived fields were deliberately left blank rather than estimated.
CHIP040,Chippendale,2008,1607/3 Carlton Street,910000,2025-11-10,Private Treaty,Apartment,2,1,2,86,domain_sold_listing,86,,,,,,,,-33.88467989,151.20110736,1.360,Central Station,0.378,,,,,,,,,,,,,,,,https://www.domain.com.au/sold-listings/chippendale-nsw-2008/?page=3&ssubs=0,Domain public sold-listing data,,unmatched,False,,,Blank enrichment fields mean no sufficiently reliable public value was verified; no synthetic or inferred value was inserted.,Property.com.au public property-profile map,building-level profile map coordinate,,Yes,Sydney Town Hall,-33.8732096512,151.2062082520,https://apps.environment.nsw.gov.au/dpcheritageapp/ViewHeritageItemDetails.aspx?ID=5051902,Haversine straight-line distance,https://apps.environment.nsw.gov.au/dpcheritageapp/ViewHeritageItemDetails.aspx?ID=5012230,Haversine straight-line distance,"Property/building coordinate verified from a public property-profile map. CBD and station distances are straight-line distances, not road or walking distances."
CHIP041,Chippendale,2008,1212/2 Chippendale Way,539500,2025-11-10,Private Treaty,Apartment,1,1,0,45,domain_sold_listing,45,,,,,,,,-33.88461413,151.20029217,1.381,Central Station,0.453,,,,,,,,,,,,,,,,https://www.domain.com.au/sold-listings/chippendale-nsw-2008/?page=3&ssubs=0,Domain public sold-listing data,,unmatched,False,,,Blank enrichment fields mean no sufficiently reliable public value was verified; no synthetic or inferred value was inserted.,Property.com.au public property-profile map,building-level profile map coordinate,,Yes,Sydney Town Hall,-33.8732096512,151.2062082520,https://apps.environment.nsw.gov.au/dpcheritageapp/ViewHeritageItemDetails.aspx?ID=5051902,Haversine straight-line distance,https://apps.environment.nsw.gov.au/dpcheritageapp/ViewHeritageItemDetails.aspx?ID=5012230,Haversine straight-line distance,"Property/building coordinate verified from a public property-profile map. CBD and station distances are straight-line distances, not road or walking distances."
CHIP042,Chippendale,2008,53/39 Dangar Place,990000,2025-11-07,Prior to Auction,Apartment,2,1,1,2462,domain_sold_listing,2462,,,,,,,,,,,,,,,,,,,,,,,,,,,,https://www.domain.com.au/sold-listings/chippendale-nsw-2008/?page=3&ssubs=0,Domain public sold-listing data,,unmatched,False,,Domain sold-card area appears to be a site/building area rather than apartment floor area; retained only as listed_area_m2.,Blank enrichment fields mean no sufficiently reliable public value was verified; no synthetic or inferred value was inserted.,,,,No,Sydney Town Hall,-33.8732096512,151.2062082520,https://apps.environment.nsw.gov.au/dpcheritageapp/ViewHeritageItemDetails.aspx?ID=5051902,,,,No sufficiently reliable property coordinate was verified in this enrichment pass; coordinate-derived fields were deliberately left blank rather than estimated.
CHIP043,Chippendale,2008,32/11-21 Rose Street,1210000,2025-11-07,Prior to Auction,Apartment,3,2,1,103,domain_sold_listing,103,,,,,,Yes,32,,,,,,,,,,,,,,,,,,,,,https://www.domain.com.au/sold-listings/chippendale-nsw-2008/?page=3&ssubs=0,Domain public sold-listing data + NSW Valuer General exact-address reference,2131288,same_sale,False,,NSW exact-address record also matched target sale price/date within 60 days.,Blank enrichment fields mean no sufficiently reliable public value was verified; no synthetic or inferred value was inserted.,,,,No,Sydney Town Hall,-33.8732096512,151.2062082520,https://apps.environment.nsw.gov.au/dpcheritageapp/ViewHeritageItemDetails.aspx?ID=5051902,,,,No sufficiently reliable property coordinate was verified in this enrichment pass; coordinate-derived fields were deliberately left blank rather than estimated.
CHIP044,Chippendale,2008,16/52-64 Shepherd Street,950000,2025-11-03,Auction,Apartment,1,2,1,,,,,,,,,,,,,,,,,,,,,,,,,,,,,,,https://www.domain.com.au/sold-listings/chippendale-nsw-2008/?page=3&ssubs=0,Domain public sold-listing data,,unmatched,False,,,Blank enrichment fields mean no sufficiently reliable public value was verified; no synthetic or inferred value was inserted.,,,,No,Sydney Town Hall,-33.8732096512,151.2062082520,https://apps.environment.nsw.gov.au/dpcheritageapp/ViewHeritageItemDetails.aspx?ID=5051902,,,,No sufficiently reliable property coordinate was verified in this enrichment pass; coordinate-derived fields were deliberately left blank rather than estimated.
CHIP045,Chippendale,2008,309/1-9 Meagher Street,250000,2025-11-03,Private Treaty,Studio,0,1,1,30,domain_sold_listing,30,,,,,,,,,,,,,,,,,,,,,,,,,,,,https://www.domain.com.au/sold-listings/chippendale-nsw-2008/apartment/studio/,Domain public sold-listing data,,unmatched,False,,,Blank enrichment fields mean no sufficiently reliable public value was verified; no synthetic or inferred value was inserted.,,,,No,Sydney Town Hall,-33.8732096512,151.2062082520,https://apps.environment.nsw.gov.au/dpcheritageapp/ViewHeritageItemDetails.aspx?ID=5051902,,,,No sufficiently reliable property coordinate was verified in this enrichment pass; coordinate-derived fields were deliberately left blank rather than estimated.
CHIP046,Chippendale,2008,30/57-75 Buckland Street,1300000,2025-11-01,Auction,Apartment,2,1,1,100,domain_sold_listing,100,,,,,,Yes,30,,,,,,,,,,,,,,,,,,,,,https://www.domain.com.au/sold-listings/chippendale-nsw-2008/?page=3&ssubs=0,Domain public sold-listing data + NSW Valuer General exact-address reference,2113151,same_sale,False,nsw_recorded_area_m2 preserves the NSW PSI recorded area; its meaning can differ from an advertised internal floor area.,NSW exact-address record also matched target sale price/date within 60 days.,Blank enrichment fields mean no sufficiently reliable public value was verified; no synthetic or inferred value was inserted.,,,,No,Sydney Town Hall,-33.8732096512,151.2062082520,https://apps.environment.nsw.gov.au/dpcheritageapp/ViewHeritageItemDetails.aspx?ID=5051902,,,,No sufficiently reliable property coordinate was verified in this enrichment pass; coordinate-derived fields were deliberately left blank rather than estimated.
CHIP047,Chippendale,2008,30/1 Wiley Street,710000,2025-10-30,Auction,Apartment,1,1,0,,,,,,,,,,,,,,,,,,,,,,,,,,,,,,,https://www.domain.com.au/sold-listings/chippendale-nsw-2008/?page=3&ssubs=0,Domain public sold-listing data,,unmatched,False,,,Blank enrichment fields mean no sufficiently reliable public value was verified; no synthetic or inferred value was inserted.,,,,No,Sydney Town Hall,-33.8732096512,151.2062082520,https://apps.environment.nsw.gov.au/dpcheritageapp/ViewHeritageItemDetails.aspx?ID=5051902,,,,No sufficiently reliable property coordinate was verified in this enrichment pass; coordinate-derived fields were deliberately left blank rather than estimated.
CHIP048,Chippendale,2008,41 Abercrombie Street,1800000,2025-10-29,Prior to Auction,House,3,1,1,88.5,nsw_exact_address,,88.5,property/lot area,,1891,B4,,,-33.88618648,151.19853110,1.608,Central Station,0.631,,,,,,,,,,,,,https://www.property.com.au/nsw/chippendale-2008/abercrombie-st/41-pid-5181/,https://www.property.com.au/nsw/chippendale-2008/abercrombie-st/41-pid-5181/,,https://www.domain.com.au/sold-listings/chippendale-nsw-2008/house/,Domain public sold-listing data + NSW Valuer General exact-address reference,2105812,address_history,False,land_size_m2 populated from exact-address NSW recorded area for a non-strata residential record. nsw_recorded_area_m2 preserves the NSW PSI recorded area; its meaning can differ from an advertised internal floor area.,"NSW exact-address match is a prior transaction/history reference, not the 2026 target sale.",Exact property profile reports Built: 1891. Original 88.5 m² land value was preserved instead of replacing it with a rounded public-profile value.,Property.com.au public property-profile map,exact property-profile map coordinate,https://www.property.com.au/nsw/chippendale-2008/abercrombie-st/41-pid-5181/,Yes,Sydney Town Hall,-33.8732096512,151.2062082520,https://apps.environment.nsw.gov.au/dpcheritageapp/ViewHeritageItemDetails.aspx?ID=5051902,Haversine straight-line distance,https://apps.environment.nsw.gov.au/dpcheritageapp/ViewHeritageItemDetails.aspx?ID=5012230,Haversine straight-line distance,"Property/building coordinate verified from a public property-profile map. CBD and station distances are straight-line distances, not road or walking distances."
CHIP049,Chippendale,2008,32/1-5 Dwyer Street,460000,2025-10-29,Private Treaty,Apartment,0,1,0,,,,,,,,,Yes,32,,,,,,,,,,,,,,,,,,,,,https://www.domain.com.au/sold-listings/chippendale-nsw-2008/apartment/studio/,Domain public sold-listing data + NSW Valuer General exact-address reference,2025660,address_history,False,,"NSW exact-address match is a prior transaction/history reference, not the 2026 target sale.",Blank enrichment fields mean no sufficiently reliable public value was verified; no synthetic or inferred value was inserted.,,,,No,Sydney Town Hall,-33.8732096512,151.2062082520,https://apps.environment.nsw.gov.au/dpcheritageapp/ViewHeritageItemDetails.aspx?ID=5051902,,,,No sufficiently reliable property coordinate was verified in this enrichment pass; coordinate-derived fields were deliberately left blank rather than estimated.
CHIP050,Chippendale,2008,41/92-120 Cleveland Street,1020000,2025-10-24,Private Treaty,Apartment,2,2,1,104,domain_sold_listing,104,,,,,,Yes,41,-33.88806691,151.19686782,1.864,Redfern Station,0.489,,,,,,,,,,,,,,,,https://www.domain.com.au/sold-listings/chippendale-nsw-2008/?page=3&ssubs=0,Domain public sold-listing data + NSW Valuer General exact-address reference,2116053,same_sale,False,,NSW exact-address record also matched target sale price/date within 60 days.,Blank enrichment fields mean no sufficiently reliable public value was verified; no synthetic or inferred value was inserted.,Property.com.au public property-profile map,building-level profile map coordinate,,Yes,Sydney Town Hall,-33.8732096512,151.2062082520,https://apps.environment.nsw.gov.au/dpcheritageapp/ViewHeritageItemDetails.aspx?ID=5051902,Haversine straight-line distance,https://apps.environment.nsw.gov.au/dpcheritageapp/ViewHeritageItemDetails.aspx?ID=5012154,Haversine straight-line distance,"Property/building coordinate verified from a public property-profile map. CBD and station distances are straight-line distances, not road or walking distances."
PARR001,Parramatta,2150,1001/1A Morton Street,635000,2026-08-07,Private Treaty,Apartment,2,2,1,,,127,,,,,,,,-33.81380448,151.01657557,18.718,Parramatta Station,1.114,,,,,,,,,,,,,,https://www.property.com.au/nsw/parramatta-2150/apartment-unit/sold/,,https://www.domain.com.au/sold-listings/parramatta-nsw-2150/,Domain public sold-listing data,,unmatched,False,,,Blank enrichment fields mean no sufficiently reliable public value was verified; no synthetic or inferred value was inserted.,Property.com.au public property-profile map,building-level profile map coordinate,https://www.property.com.au/nsw/parramatta-2150/apartment-unit/sold/,Yes,Sydney Town Hall,-33.8732096512,151.2062082520,https://apps.environment.nsw.gov.au/dpcheritageapp/ViewHeritageItemDetails.aspx?ID=5051902,Haversine straight-line distance,https://apps.environment.nsw.gov.au/dpcheritageapp/ViewHeritageItemDetails.aspx?ID=5051413,Haversine straight-line distance,"Property/building coordinate verified from a public property-profile map. CBD and station distances are straight-line distances, not road or walking distances."
PARR002,Parramatta,2150,5/13 Queens Avenue,435000,2026-08-07,Private Treaty,Apartment,1,1,1,,,,,,,,,,,,,,,,,,,,,,,,,,,,,,,https://www.domain.com.au/sold-listings/parramatta-nsw-2150/,Domain public sold-listing data,,unmatched,False,,,Blank enrichment fields mean no sufficiently reliable public value was verified; no synthetic or inferred value was inserted.,,,,No,Sydney Town Hall,-33.8732096512,151.2062082520,https://apps.environment.nsw.gov.au/dpcheritageapp/ViewHeritageItemDetails.aspx?ID=5051902,,,,No sufficiently reliable property coordinate was verified in this enrichment pass; coordinate-derived fields were deliberately left blank rather than estimated.
PARR003,Parramatta,2150,2/15-19 Early Street,588000,2026-08-04,Private Treaty,Apartment,2,1,1,150,domain_sold_listing,150,,,,,,,,,,,,,,,,,,,,,,SOLD BY RAY WHITE PARRAMATTA GROUP,We've been overwhelmed by the amount of interest in similar properties.,SOLD BY RAY WHITE PARRAMATTA GROUP. We've been overwhelmed by the amount of interest in similar properties.,,https://www.property.com.au/nsw/parramatta-2150/apartment-unit/sold/,https://www.domain.com.au/2-15-19-early-street-parramatta-nsw-2150-2021000174,https://www.domain.com.au/sold-listings/parramatta-nsw-2150/,Domain public sold-listing data,,unmatched,True,,,Blank enrichment fields mean no sufficiently reliable public value was verified; no synthetic or inferred value was inserted.,,,,No,Sydney Town Hall,-33.8732096512,151.2062082520,https://apps.environment.nsw.gov.au/dpcheritageapp/ViewHeritageItemDetails.aspx?ID=5051902,,,,No sufficiently reliable property coordinate was verified in this enrichment pass; coordinate-derived fields were deliberately left blank rather than estimated.
PARR004,Parramatta,2150,404/23 Hassall Street,680000,2026-08-04,Private Treaty,Apartment,2,2,1,124,domain_sold_listing,124,,,,,,Yes,26,-33.81785982,151.01007550,19.130,Parramatta Station,0.440,,,,,,,,,,SOLD BY RAY WHITE PARRAMATTA GROUP,We've been overwhelmed by the amount of interest in similar properties.,SOLD BY RAY WHITE PARRAMATTA GROUP. We've been overwhelmed by the amount of interest in similar properties.,,https://www.property.com.au/nsw/parramatta-2150/apartment-unit/sold/,https://www.domain.com.au/404-23-hassall-street-parramatta-nsw-2150-2020835264,https://www.domain.com.au/sold-listings/parramatta-nsw-2150/,Domain public sold-listing data + NSW Valuer General exact-address reference,4237773,address_history,True,,"NSW exact-address match is a prior transaction/history reference, not the 2026 target sale.",Blank enrichment fields mean no sufficiently reliable public value was verified; no synthetic or inferred value was inserted.,Property.com.au public property-profile map,exact property-profile map coordinate,https://www.property.com.au/nsw/parramatta-2150/apartment-unit/sold/,Yes,Sydney Town Hall,-33.8732096512,151.2062082520,https://apps.environment.nsw.gov.au/dpcheritageapp/ViewHeritageItemDetails.aspx?ID=5051902,Haversine straight-line distance,https://apps.environment.nsw.gov.au/dpcheritageapp/ViewHeritageItemDetails.aspx?ID=5051413,Haversine straight-line distance,"Property/building coordinate verified from a public property-profile map. CBD and station distances are straight-line distances, not road or walking distances."
PARR005,Parramatta,2150,214/354-366 Church Street,497000,2026-08-03,Private Treaty,Apartment,1,1,0,,,,,,,,,,,-33.80979918,151.00546908,19.835,Parramatta Station,0.850,,,,,,,,,,,,,,,,https://www.domain.com.au/sold-listings/parramatta-nsw-2150/,Domain public sold-listing data,,unmatched,False,,,Blank enrichment fields mean no sufficiently reliable public value was verified; no synthetic or inferred value was inserted.,Property.com.au public property-profile map,exact property-profile map coordinate,,Yes,Sydney Town Hall,-33.8732096512,151.2062082520,https://apps.environment.nsw.gov.au/dpcheritageapp/ViewHeritageItemDetails.aspx?ID=5051902,Haversine straight-line distance,https://apps.environment.nsw.gov.au/dpcheritageapp/ViewHeritageItemDetails.aspx?ID=5051413,Haversine straight-line distance,"Property/building coordinate verified from a public property-profile map. CBD and station distances are straight-line distances, not road or walking distances."
PARR006,Parramatta,2150,6901/1A Morton Street,688000,2026-07-31,Private Treaty,Apartment,2,2,1,,,113,,,,,,,,-33.81380448,151.01657557,18.718,Parramatta Station,1.114,,,,,,,,,,,,,,https://www.property.com.au/nsw/parramatta-2150/apartment-unit/sold/,,https://www.domain.com.au/sold-listings/parramatta-nsw-2150/,Domain public sold-listing data,,unmatched,False,,,Blank enrichment fields mean no sufficiently reliable public value was verified; no synthetic or inferred value was inserted.,Property.com.au public property-profile map,building-level profile map coordinate,https://www.property.com.au/nsw/parramatta-2150/apartment-unit/sold/,Yes,Sydney Town Hall,-33.8732096512,151.2062082520,https://apps.environment.nsw.gov.au/dpcheritageapp/ViewHeritageItemDetails.aspx?ID=5051902,Haversine straight-line distance,https://apps.environment.nsw.gov.au/dpcheritageapp/ViewHeritageItemDetails.aspx?ID=5051413,Haversine straight-line distance,"Property/building coordinate verified from a public property-profile map. CBD and station distances are straight-line distances, not road or walking distances."
PARR007,Parramatta,2150,12/37 Fennell Street,695000,2026-07-31,Private Treaty,Apartment,3,1,1,,,,,,,,,,,-33.80607534,151.00674856,19.877,Parramatta Station,1.271,,,,,,,,,,Spacious 3-Bedroom Apartment in a Prime North Parramatta Location,Positioned in one of Parramatta's most convenient and highly sought-after pockets.,Spacious 3-Bedroom Apartment in a Prime North Parramatta Location. Positioned in one of Parramatta's most convenient and highly sought-after pockets.,,,https://www.domain.com.au/12-37-fennell-street-parramatta-nsw-2150-2020705495,https://www.domain.com.au/sold-listings/parramatta-nsw-2150/,Domain public sold-listing data,,unmatched,True,,,Blank enrichment fields mean no sufficiently reliable public value was verified; no synthetic or inferred value was inserted.,Property.com.au public property-profile map,exact property-profile map coordinate,,Yes,Sydney Town Hall,-33.8732096512,151.2062082520,https://apps.environment.nsw.gov.au/dpcheritageapp/ViewHeritageItemDetails.aspx?ID=5051902,Haversine straight-line distance,https://apps.environment.nsw.gov.au/dpcheritageapp/ViewHeritageItemDetails.aspx?ID=5051413,Haversine straight-line distance,"Property/building coordinate verified from a public property-profile map. CBD and station distances are straight-line distances, not road or walking distances."
PARR008,Parramatta,2150,4/13 Henry Street,580000,2026-07-30,Auction,Apartment,2,1,1,,,,,,,,,,,-33.80952187,151.01286590,19.209,Parramatta Station,1.122,,,,,,,,,,,,,,,,https://www.domain.com.au/sold-listings/parramatta-nsw-2150/,Domain public sold-listing data,,unmatched,False,,,Blank enrichment fields mean no sufficiently reliable public value was verified; no synthetic or inferred value was inserted.,Property.com.au public property-profile map,exact property-profile map coordinate,,Yes,Sydney Town Hall,-33.8732096512,151.2062082520,https://apps.environment.nsw.gov.au/dpcheritageapp/ViewHeritageItemDetails.aspx?ID=5051902,Haversine straight-line distance,https://apps.environment.nsw.gov.au/dpcheritageapp/ViewHeritageItemDetails.aspx?ID=5051413,Haversine straight-line distance,"Property/building coordinate verified from a public property-profile map. CBD and station distances are straight-line distances, not road or walking distances."
PARR009,Parramatta,2150,1601/45 Macquarie Street,572000,2026-07-29,Private Treaty,Apartment,1,1,1,80,domain_sold_listing,80,,,,,,,,-33.81498501,151.00100472,20.027,Parramatta Station,0.485,,,,,,,,,,SOLD BY RAY WHITE PARRAMATTA GROUP,We've been overwhelmed by the amount of interest in similar properties.,SOLD BY RAY WHITE PARRAMATTA GROUP. We've been overwhelmed by the amount of interest in similar properties.,,,https://www.domain.com.au/1601-45-macquarie-street-parramatta-nsw-2150-2020632015,https://www.domain.com.au/sold-listings/parramatta-nsw-2150/,Domain public sold-listing data,,unmatched,True,,,Blank enrichment fields mean no sufficiently reliable public value was verified; no synthetic or inferred value was inserted.,Property.com.au public property-profile map,exact property-profile map coordinate,,Yes,Sydney Town Hall,-33.8732096512,151.2062082520,https://apps.environment.nsw.gov.au/dpcheritageapp/ViewHeritageItemDetails.aspx?ID=5051902,Haversine straight-line distance,https://apps.environment.nsw.gov.au/dpcheritageapp/ViewHeritageItemDetails.aspx?ID=5051413,Haversine straight-line distance,"Property/building coordinate verified from a public property-profile map. CBD and station distances are straight-line distances, not road or walking distances."
PARR010,Parramatta,2150,907/29 Hunter Street,555000,2026-07-29,Private Treaty,Apartment,2,2,1,,,,,,,,,,,-33.81556177,150.99983766,20.108,Parramatta Station,0.550,,,,,,,,,,Contemporary Apartment with Stunning Outlook & Ultra Convenience,Laing+Simmons Angel Group proudly presents this modern two-bedroom apartment offering the perfect balance of comfort.,Contemporary Apartment with Stunning Outlook & Ultra Convenience. Laing+Simmons Angel Group proudly presents this modern two-bedroom apartment offering the perfect balance of comfort.,,,https://www.domain.com.au/907-29-hunter-street-parramatta-nsw-2150-2020862744,https://www.domain.com.au/sold-listings/parramatta-nsw-2150/,Domain public sold-listing data,,unmatched,True,,,Blank enrichment fields mean no sufficiently reliable public value was verified; no synthetic or inferred value was inserted.,Property.com.au public property-profile map,building-level profile map coordinate,,Yes,Sydney Town Hall,-33.8732096512,151.2062082520,https://apps.environment.nsw.gov.au/dpcheritageapp/ViewHeritageItemDetails.aspx?ID=5051902,Haversine straight-line distance,https://apps.environment.nsw.gov.au/dpcheritageapp/ViewHeritageItemDetails.aspx?ID=5051413,Haversine straight-line distance,"Property/building coordinate verified from a public property-profile map. CBD and station distances are straight-line distances, not road or walking distances."
PARR011,Parramatta,2150,34/105-107 Church Street,625000,2026-07-28,Private Treaty,Apartment,2,2,1,,,,,,,,,,,-33.81949237,151.00345823,19.654,Parramatta Station,0.287,,,,,,,,,,,,,,,,https://www.domain.com.au/sold-listings/parramatta-nsw-2150/,Domain public sold-listing data,,unmatched,False,,,Blank enrichment fields mean no sufficiently reliable public value was verified; no synthetic or inferred value was inserted.,Property.com.au public property-profile map,exact property-profile map coordinate,,Yes,Sydney Town Hall,-33.8732096512,151.2062082520,https://apps.environment.nsw.gov.au/dpcheritageapp/ViewHeritageItemDetails.aspx?ID=5051902,Haversine straight-line distance,https://apps.environment.nsw.gov.au/dpcheritageapp/ViewHeritageItemDetails.aspx?ID=5051413,Haversine straight-line distance,"Property/building coordinate verified from a public property-profile map. CBD and station distances are straight-line distances, not road or walking distances."
PARR012,Parramatta,2150,3/22-24 Thomas Street,667000,2026-07-27,Private Treaty,Apartment,2,1,2,122,domain_sold_listing,122,,,,,,,,-33.81067989,151.01091215,19.331,Parramatta Station,0.911,,,,,,,,,,Sold by David Lao and Annamaria Sofocleous,"Positioned in one of Parramatta's most tightly held riverside pockets, this beautifully presented two-bedroom apartment.","Sold by David Lao and Annamaria Sofocleous. Positioned in one of Parramatta's most tightly held riverside pockets, this beautifully presented two-bedroom apartment.",,https://www.property.com.au/nsw/parramatta-2150/apartment-unit/sold/,https://www.domain.com.au/3-22-24-thomas-street-parramatta-nsw-2150-2020980900,https://www.domain.com.au/sold-listings/parramatta-nsw-2150/,Domain public sold-listing data,,unmatched,True,,,Blank enrichment fields mean no sufficiently reliable public value was verified; no synthetic or inferred value was inserted.,Property.com.au public property-profile map,exact property-profile map coordinate,https://www.property.com.au/nsw/parramatta-2150/apartment-unit/sold/,Yes,Sydney Town Hall,-33.8732096512,151.2062082520,https://apps.environment.nsw.gov.au/dpcheritageapp/ViewHeritageItemDetails.aspx?ID=5051902,Haversine straight-line distance,https://apps.environment.nsw.gov.au/dpcheritageapp/ViewHeritageItemDetails.aspx?ID=5051413,Haversine straight-line distance,"Property/building coordinate verified from a public property-profile map. CBD and station distances are straight-line distances, not road or walking distances."
PARR013,Parramatta,2150,28/24 Campbell Street,500000,2026-07-25,Auction,Apartment,2,2,1,108,domain_sold_listing,108,,,,,,,,-33.81775370,150.99945756,20.065,Parramatta Station,0.545,,,,,,,,,,SOLD BY RAY WHITE PARRAMATTA GROUP,We've been overwhelmed by the amount of interest in similar properties.,SOLD BY RAY WHITE PARRAMATTA GROUP. We've been overwhelmed by the amount of interest in similar properties.,,,https://www.domain.com.au/28-24-campbell-street-parramatta-nsw-2150-2020974606,https://www.domain.com.au/sold-listings/parramatta-nsw-2150/,Domain public sold-listing data,,unmatched,True,,,Blank enrichment fields mean no sufficiently reliable public value was verified; no synthetic or inferred value was inserted.,Property.com.au public property-profile map,exact property-profile map coordinate,,Yes,Sydney Town Hall,-33.8732096512,151.2062082520,https://apps.environment.nsw.gov.au/dpcheritageapp/ViewHeritageItemDetails.aspx?ID=5051902,Haversine straight-line distance,https://apps.environment.nsw.gov.au/dpcheritageapp/ViewHeritageItemDetails.aspx?ID=5051413,Haversine straight-line distance,"Property/building coordinate verified from a public property-profile map. CBD and station distances are straight-line distances, not road or walking distances."
PARR014,Parramatta,2150,1330K/2 Morton Street,740000,2026-07-25,Auction,Apartment,2,2,1,,,,,,,,,,,,,,,,,,,,,,,,,SOLD BY RAY WHITE PARRAMATTA GROUP,We've been overwhelmed by the amount of interest in similar properties.,SOLD BY RAY WHITE PARRAMATTA GROUP. We've been overwhelmed by the amount of interest in similar properties.,,,https://www.domain.com.au/1330k-2-morton-street-parramatta-nsw-2150-2020967484,https://www.domain.com.au/sold-listings/parramatta-nsw-2150/,Domain public sold-listing data,,unmatched,True,,,Blank enrichment fields mean no sufficiently reliable public value was verified; no synthetic or inferred value was inserted.,,,,No,Sydney Town Hall,-33.8732096512,151.2062082520,https://apps.environment.nsw.gov.au/dpcheritageapp/ViewHeritageItemDetails.aspx?ID=5051902,,,,No sufficiently reliable property coordinate was verified in this enrichment pass; coordinate-derived fields were deliberately left blank rather than estimated.
PARR015,Parramatta,2150,15/7-11 Elizabeth Street,650000,2026-07-25,Auction,Apartment,2,1,1,112,domain_sold_listing,112,,,,,,,,-33.81114339,151.00805860,19.558,Parramatta Station,0.744,,,,,,,,,,SOLD AT AUCTION BY TEAM AARON X ROWAN AT MCGRATH!,Privately positioned on the top floor of a tightly held Parramatta river precinct block.,SOLD AT AUCTION BY TEAM AARON X ROWAN AT MCGRATH!. Privately positioned on the top floor of a tightly held Parramatta river precinct block.,,,https://www.domain.com.au/15-7-11-elizabeth-street-parramatta-nsw-2150-2020959149,https://www.domain.com.au/sold-listings/parramatta-nsw-2150/,Domain public sold-listing data,,unmatched,True,,,Blank enrichment fields mean no sufficiently reliable public value was verified; no synthetic or inferred value was inserted.,Property.com.au public property-profile map,exact property-profile map coordinate,,Yes,Sydney Town Hall,-33.8732096512,151.2062082520,https://apps.environment.nsw.gov.au/dpcheritageapp/ViewHeritageItemDetails.aspx?ID=5051902,Haversine straight-line distance,https://apps.environment.nsw.gov.au/dpcheritageapp/ViewHeritageItemDetails.aspx?ID=5051413,Haversine straight-line distance,"Property/building coordinate verified from a public property-profile map. CBD and station distances are straight-line distances, not road or walking distances."
PARR016,Parramatta,2150,20/4 Peace Lane,425000,2026-07-19,Private Treaty,Apartment,2,1,1,,,,,,,,,,,-33.82261364,151.00620373,19.308,Harris Park Station,0.156,,,,,,,,,,,,,,,,https://www.domain.com.au/sold-listings/parramatta-nsw-2150/?page=2,Domain public sold-listing data,,unmatched,False,,,Blank enrichment fields mean no sufficiently reliable public value was verified; no synthetic or inferred value was inserted.,Property.com.au public property-profile map,exact property-profile map coordinate,,Yes,Sydney Town Hall,-33.8732096512,151.2062082520,https://apps.environment.nsw.gov.au/dpcheritageapp/ViewHeritageItemDetails.aspx?ID=5051902,Haversine straight-line distance,https://mapcarta.com/29998928,Haversine straight-line distance,"Property/building coordinate verified from a public property-profile map. CBD and station distances are straight-line distances, not road or walking distances."
PARR017,Parramatta,2150,1505/88 Church Street,830000,2026-07-17,Private Treaty,Apartment,2,2,1,,,,,,,,,,,,,,,,,,,,,,,,,,,,,,,https://www.domain.com.au/sold-listings/parramatta-nsw-2150/?page=2,Domain public sold-listing data,,unmatched,False,,,Blank enrichment fields mean no sufficiently reliable public value was verified; no synthetic or inferred value was inserted.,,,,No,Sydney Town Hall,-33.8732096512,151.2062082520,https://apps.environment.nsw.gov.au/dpcheritageapp/ViewHeritageItemDetails.aspx?ID=5051902,,,,No sufficiently reliable property coordinate was verified in this enrichment pass; coordinate-derived fields were deliberately left blank rather than estimated.
PARR018,Parramatta,2150,11/27-29 Early Street,530000,2026-07-17,Private Treaty,Apartment,2,1,1,,,97,,,,,,,,-33.82135551,151.00216183,19.706,Parramatta Station,0.525,,,,,,,,,,,,,,https://www.property.com.au/nsw/parramatta-2150/apartment-unit/sold/,,https://www.domain.com.au/sold-listings/parramatta-nsw-2150/?page=2,Domain public sold-listing data,,unmatched,False,,,Blank enrichment fields mean no sufficiently reliable public value was verified; no synthetic or inferred value was inserted.,Property.com.au public property-profile map,exact property-profile map coordinate,https://www.property.com.au/nsw/parramatta-2150/apartment-unit/sold/,Yes,Sydney Town Hall,-33.8732096512,151.2062082520,https://apps.environment.nsw.gov.au/dpcheritageapp/ViewHeritageItemDetails.aspx?ID=5051902,Haversine straight-line distance,https://apps.environment.nsw.gov.au/dpcheritageapp/ViewHeritageItemDetails.aspx?ID=5051413,Haversine straight-line distance,"Property/building coordinate verified from a public property-profile map. CBD and station distances are straight-line distances, not road or walking distances."
PARR019,Parramatta,2150,804/140 Church Street,660000,2026-07-16,Private Treaty,Apartment,2,2,1,,,,,,,,,,,-33.81783288,151.00399632,19.664,Parramatta Station,0.132,,,,,,,,,,,,,,,,https://www.domain.com.au/sold-listings/parramatta-nsw-2150/?page=2,Domain public sold-listing data,,unmatched,False,,,Blank enrichment fields mean no sufficiently reliable public value was verified; no synthetic or inferred value was inserted.,Property.com.au public property-profile map,exact property-profile map coordinate,,Yes,Sydney Town Hall,-33.8732096512,151.2062082520,https://apps.environment.nsw.gov.au/dpcheritageapp/ViewHeritageItemDetails.aspx?ID=5051902,Haversine straight-line distance,https://apps.environment.nsw.gov.au/dpcheritageapp/ViewHeritageItemDetails.aspx?ID=5051413,Haversine straight-line distance,"Property/building coordinate verified from a public property-profile map. CBD and station distances are straight-line distances, not road or walking distances."
PARR020,Parramatta,2150,102/2-4 Amos Street,660000,2026-07-16,Private Treaty,Apartment,2,2,1,,,115,,,115,,,,,-33.81621568,150.99361446,20.631,Westmead Station,1.002,,,,,,,,,,,,,,https://www.property.com.au/nsw/parramatta-2150/apartment-unit/sold/,,https://www.domain.com.au/sold-listings/parramatta-nsw-2150/?page=2,Domain public sold-listing data,,unmatched,False,,,Blank enrichment fields mean no sufficiently reliable public value was verified; no synthetic or inferred value was inserted. Exact 102/2-4 Amos Street profile explicitly reports Building size: 115 m².,Property.com.au public property-profile map,exact property-profile map coordinate,https://www.property.com.au/nsw/parramatta-2150/apartment-unit/sold/,Yes,Sydney Town Hall,-33.8732096512,151.2062082520,https://apps.environment.nsw.gov.au/dpcheritageapp/ViewHeritageItemDetails.aspx?ID=5051902,Haversine straight-line distance,https://mapcarta.com/N6616036413,Haversine straight-line distance,"Property/building coordinate verified from a public property-profile map. CBD and station distances are straight-line distances, not road or walking distances."
PARR021,Parramatta,2150,2102/12 Phillip Street,780000,2026-07-15,Private Treaty,Apartment,2,1,1,84,nsw_exact_address,,,,,2022,,Yes,158,-33.81129407,151.00354911,19.943,Parramatta Station,0.704,,,,,Yes,,,,Yes,,,,,,,https://www.domain.com.au/sold-listings/parramatta-nsw-2150/,Domain public sold-listing data + NSW Valuer General exact-address reference,4395676,address_history,False,nsw_recorded_area_m2 preserves the NSW PSI recorded area; its meaning can differ from an advertised internal floor area.,"NSW exact-address match is a prior transaction/history reference, not the 2026 target sale.","Blank enrichment fields mean no sufficiently reliable public value was verified; no synthetic or inferred value was inserted. Exact 2102/12 Phillip Street profile reports Built: 2022, balcony and air conditioning.",Property.com.au public property-profile map,exact property-profile map coordinate,,Yes,Sydney Town Hall,-33.8732096512,151.2062082520,https://apps.environment.nsw.gov.au/dpcheritageapp/ViewHeritageItemDetails.aspx?ID=5051902,Haversine straight-line distance,https://apps.environment.nsw.gov.au/dpcheritageapp/ViewHeritageItemDetails.aspx?ID=5051413,Haversine straight-line distance,"Property/building coordinate verified from a public property-profile map. CBD and station distances are straight-line distances, not road or walking distances."
PARR022,Parramatta,2150,37A Sutherland Road,3425000,2026-07-15,Private Treaty,Block of units,12,6,6,903,domain_sold_listing,903,,,,,,,,,,,,,,,,,,,,,,,,,,,,https://www.domain.com.au/sold-listings/parramatta-nsw-2150/,Domain public sold-listing data,,unmatched,False,,Outlier property type retained intentionally; investigate during EDA/error analysis.,Blank enrichment fields mean no sufficiently reliable public value was verified; no synthetic or inferred value was inserted.,,,,No,Sydney Town Hall,-33.8732096512,151.2062082520,https://apps.environment.nsw.gov.au/dpcheritageapp/ViewHeritageItemDetails.aspx?ID=5051902,,,,No sufficiently reliable property coordinate was verified in this enrichment pass; coordinate-derived fields were deliberately left blank rather than estimated.
PARR023,Parramatta,2150,2940/180 George Street,832000,2026-07-11,Auction,Apartment,2,2,1,103,nsw_exact_address,103,,,,,,Yes,201,-33.81432605,151.01005581,19.262,Parramatta Station,0.557,,,,,,,,,,,,,,https://www.property.com.au/nsw/parramatta-2150/apartment-unit/sold/,,https://www.domain.com.au/sold-listings/parramatta-nsw-2150/?page=2,Domain public sold-listing data + NSW Valuer General exact-address reference,4430759,address_history,False,nsw_recorded_area_m2 preserves the NSW PSI recorded area; its meaning can differ from an advertised internal floor area.,"NSW exact-address match is a prior transaction/history reference, not the 2026 target sale.",Blank enrichment fields mean no sufficiently reliable public value was verified; no synthetic or inferred value was inserted.,Property.com.au public property-profile map,exact property-profile map coordinate,https://www.property.com.au/nsw/parramatta-2150/apartment-unit/sold/,Yes,Sydney Town Hall,-33.8732096512,151.2062082520,https://apps.environment.nsw.gov.au/dpcheritageapp/ViewHeritageItemDetails.aspx?ID=5051902,Haversine straight-line distance,https://apps.environment.nsw.gov.au/dpcheritageapp/ViewHeritageItemDetails.aspx?ID=5051413,Haversine straight-line distance,"Property/building coordinate verified from a public property-profile map. CBD and station distances are straight-line distances, not road or walking distances."
PARR024,Parramatta,2150,F328/1 Broughton Street,720000,2026-07-10,Private Treaty,Apartment,2,2,1,,,126,,,,,,,,,,,,,,,,,,,,,,,,,,https://www.property.com.au/nsw/parramatta-2150/apartment-unit/sold/,,https://www.domain.com.au/sold-listings/parramatta-nsw-2150/?page=2,Domain public sold-listing data,,unmatched,False,,,Blank enrichment fields mean no sufficiently reliable public value was verified; no synthetic or inferred value was inserted.,,,,No,Sydney Town Hall,-33.8732096512,151.2062082520,https://apps.environment.nsw.gov.au/dpcheritageapp/ViewHeritageItemDetails.aspx?ID=5051902,,,,No sufficiently reliable property coordinate was verified in this enrichment pass; coordinate-derived fields were deliberately left blank rather than estimated.
PARR025,Parramatta,2150,124 Thomas Street,2300000,2026-06-27,Private Treaty,House,3,1,1,739,domain_sold_listing,739,739,property/lot area,,,,,,,,,,,,,,,,,,,,,,,,https://www.property.com.au/nsw/parramatta-2150/house/sold/,,https://www.domain.com.au/sold-listings/parramatta-nsw-2150/house/,Domain public sold-listing data,,unmatched,False,,,Sold-property page reports 739 m² land.,,,,No,Sydney Town Hall,-33.8732096512,151.2062082520,https://apps.environment.nsw.gov.au/dpcheritageapp/ViewHeritageItemDetails.aspx?ID=5051902,,,,No sufficiently reliable property coordinate was verified in this enrichment pass; coordinate-derived fields were deliberately left blank rather than estimated.
PARR026,Parramatta,2150,39 Pitt Street,1438888,2026-05-27,Auction,Semi-detached,5,3,2,319,domain_sold_listing,319,320,property/lot area,,,,,,,,,,,,,,,,,,,,,,,,https://www.property.com.au/nsw/parramatta-2150/house/sold/,,https://www.domain.com.au/sold-listings/parramatta-nsw-2150/house/,Domain public sold-listing data,,unmatched,False,,,Sold-property page reports 320 m² land.,,,,No,Sydney Town Hall,-33.8732096512,151.2062082520,https://apps.environment.nsw.gov.au/dpcheritageapp/ViewHeritageItemDetails.aspx?ID=5051902,,,,No sufficiently reliable property coordinate was verified in this enrichment pass; coordinate-derived fields were deliberately left blank rather than estimated.
PARR027,Parramatta,2150,11 Pemberton Street,1610000,2026-05-27,Private Treaty,House,3,1,1,461,domain_sold_listing,461,462,property/lot area,,,,,,,,,,,,,,,,,,,,,,,,https://www.property.com.au/nsw/parramatta-2150/house/sold/,,https://www.domain.com.au/sold-listings/parramatta-nsw-2150/free-standing/,Domain public sold-listing data,,unmatched,False,,,Sold-property page reports 462 m² land.,,,,No,Sydney Town Hall,-33.8732096512,151.2062082520,https://apps.environment.nsw.gov.au/dpcheritageapp/ViewHeritageItemDetails.aspx?ID=5051902,,,,No sufficiently reliable property coordinate was verified in this enrichment pass; coordinate-derived fields were deliberately left blank rather than estimated.
PARR028,Parramatta,2150,51 Gore Street,1480000,2026-05-16,Auction,House,3,1,1,461,domain_sold_listing,461,462,property/lot area,,,,,,,,,,,,,,,,,,,,,,,,https://www.property.com.au/nsw/parramatta-2150/house/sold/,,https://www.domain.com.au/sold-listings/parramatta-nsw-2150/free-standing/,Domain public sold-listing data,,unmatched,False,,,Sold-property page reports 462 m² land.,,,,No,Sydney Town Hall,-33.8732096512,151.2062082520,https://apps.environment.nsw.gov.au/dpcheritageapp/ViewHeritageItemDetails.aspx?ID=5051902,,,,No sufficiently reliable property coordinate was verified in this enrichment pass; coordinate-derived fields were deliberately left blank rather than estimated.
PARR029,Parramatta,2150,28 Marsden Street,1555000,2026-05-02,Auction,House,3,1,1,505.9,domain_sold_listing,505.9,505.9,property/lot area,122,,,,,,,,,,,,,,,,,,,Neat home in a prime location on approximately 505.9 sqm,,Neat home in a prime location on approximately 505.9 sqm,,,,https://www.domain.com.au/sold-listings/parramatta-nsw-2150/house/,Domain public sold-listing data,,unmatched,False,,,Blank enrichment fields mean no sufficiently reliable public value was verified; no synthetic or inferred value was inserted.,,,,No,Sydney Town Hall,-33.8732096512,151.2062082520,https://apps.environment.nsw.gov.au/dpcheritageapp/ViewHeritageItemDetails.aspx?ID=5051902,,,,No sufficiently reliable property coordinate was verified in this enrichment pass; coordinate-derived fields were deliberately left blank rather than estimated.
PARR030,Parramatta,2150,3/34A Fennell Street,756000,2026-02-04,Private Treaty,Apartment,2,2,1,,,,,,,,,,,,,,,,,,,,,,,,,,,,,,,https://www.domain.com.au/sold-listings/parramatta-nsw-2150/?page=3,Domain public sold-listing data,,unmatched,False,,,Blank enrichment fields mean no sufficiently reliable public value was verified; no synthetic or inferred value was inserted.,,,,No,Sydney Town Hall,-33.8732096512,151.2062082520,https://apps.environment.nsw.gov.au/dpcheritageapp/ViewHeritageItemDetails.aspx?ID=5051902,,,,No sufficiently reliable property coordinate was verified in this enrichment pass; coordinate-derived fields were deliberately left blank rather than estimated.
PARR031,Parramatta,2150,37/11 Hunter Street,940000,2026-02-03,Private Treaty,Apartment,4,2,1,,,,,,,,,,,,,,,,,,,,,,,,,,,,,,,https://www.domain.com.au/sold-listings/parramatta-nsw-2150/?page=3,Domain public sold-listing data,,unmatched,False,,,Blank enrichment fields mean no sufficiently reliable public value was verified; no synthetic or inferred value was inserted.,,,,No,Sydney Town Hall,-33.8732096512,151.2062082520,https://apps.environment.nsw.gov.au/dpcheritageapp/ViewHeritageItemDetails.aspx?ID=5051902,,,,No sufficiently reliable property coordinate was verified in this enrichment pass; coordinate-derived fields were deliberately left blank rather than estimated.
PARR032,Parramatta,2150,1113C/3 Broughton Street,700000,2026-02-03,Private Treaty,Apartment,2,2,1,,,,,,,,,,,,,,,,,,,,,,,,,,,,,,,https://www.domain.com.au/sold-listings/parramatta-nsw-2150/?page=3,Domain public sold-listing data,,unmatched,False,,,Blank enrichment fields mean no sufficiently reliable public value was verified; no synthetic or inferred value was inserted.,,,,No,Sydney Town Hall,-33.8732096512,151.2062082520,https://apps.environment.nsw.gov.au/dpcheritageapp/ViewHeritageItemDetails.aspx?ID=5051902,,,,No sufficiently reliable property coordinate was verified in this enrichment pass; coordinate-derived fields were deliberately left blank rather than estimated.
PARR033,Parramatta,2150,133/2 Morton Street,520000,2026-02-03,Private Treaty,Apartment,1,1,1,,,,,,,,,,,,,,,,,,,,,,,,,,,,,,,https://www.domain.com.au/sold-listings/parramatta-nsw-2150/?page=3,Domain public sold-listing data,,unmatched,False,,,Blank enrichment fields mean no sufficiently reliable public value was verified; no synthetic or inferred value was inserted.,,,,No,Sydney Town Hall,-33.8732096512,151.2062082520,https://apps.environment.nsw.gov.au/dpcheritageapp/ViewHeritageItemDetails.aspx?ID=5051902,,,,No sufficiently reliable property coordinate was verified in this enrichment pass; coordinate-derived fields were deliberately left blank rather than estimated.
PARR034,Parramatta,2150,10/43 Pemberton Street,1101500,2026-01-31,Auction,Townhouse,3,2,2,,,,,,204,,,,,,,,,,,,,,,,,,,,,,,https://www.property.com.au/nsw/parramatta-2150/townhouse/sold/,,https://www.domain.com.au/sold-listings/parramatta-nsw-2150/?page=3,Domain public sold-listing data,,unmatched,False,,,Townhouse sold-property page explicitly labels floor area as 204 m².,,,,No,Sydney Town Hall,-33.8732096512,151.2062082520,https://apps.environment.nsw.gov.au/dpcheritageapp/ViewHeritageItemDetails.aspx?ID=5051902,,,,No sufficiently reliable property coordinate was verified in this enrichment pass; coordinate-derived fields were deliberately left blank rather than estimated.
PARR035,Parramatta,2150,25/62 Thomas Street,740000,2026-01-31,Auction,Apartment,2,2,1,,,,,,,,,Yes,25,,,,,,,,,,,,,,,,,,,,,https://www.domain.com.au/sold-listings/parramatta-nsw-2150/?page=3,Domain public sold-listing data + NSW Valuer General exact-address reference,4185849,same_sale,False,,NSW exact-address record also matched target sale price/date within 60 days.,Blank enrichment fields mean no sufficiently reliable public value was verified; no synthetic or inferred value was inserted.,,,,No,Sydney Town Hall,-33.8732096512,151.2062082520,https://apps.environment.nsw.gov.au/dpcheritageapp/ViewHeritageItemDetails.aspx?ID=5051902,,,,No sufficiently reliable property coordinate was verified in this enrichment pass; coordinate-derived fields were deliberately left blank rather than estimated.
PARR036,Parramatta,2150,3/11-15 King Street,942000,2026-01-31,Auction,Townhouse,3,1,1,,,,,,167,,,Yes,3,,,,,,,,,,,,,,,,,,,https://www.property.com.au/nsw/parramatta-2150/townhouse/sold/,,https://www.domain.com.au/sold-listings/parramatta-nsw-2150/?page=3,Domain public sold-listing data + NSW Valuer General exact-address reference,831227,same_sale,False,,NSW exact-address record also matched target sale price/date within 60 days.,Townhouse sold-property page explicitly labels floor area as 167 m².,,,,No,Sydney Town Hall,-33.8732096512,151.2062082520,https://apps.environment.nsw.gov.au/dpcheritageapp/ViewHeritageItemDetails.aspx?ID=5051902,,,,No sufficiently reliable property coordinate was verified in this enrichment pass; coordinate-derived fields were deliberately left blank rather than estimated.
PARR037,Parramatta,2150,61008/1A Morton Street,577000,2026-01-30,Private Treaty,Apartment,1,1,1,,,,,,,,,,,-33.81380448,151.01657557,18.718,Parramatta Station,1.114,,,,,,,,,,,,,,,,https://www.domain.com.au/sold-listings/parramatta-nsw-2150/?page=3,Domain public sold-listing data,,unmatched,False,,,Blank enrichment fields mean no sufficiently reliable public value was verified; no synthetic or inferred value was inserted.,Property.com.au public property-profile map,building-level profile map coordinate,,Yes,Sydney Town Hall,-33.8732096512,151.2062082520,https://apps.environment.nsw.gov.au/dpcheritageapp/ViewHeritageItemDetails.aspx?ID=5051902,Haversine straight-line distance,https://apps.environment.nsw.gov.au/dpcheritageapp/ViewHeritageItemDetails.aspx?ID=5051413,Haversine straight-line distance,"Property/building coordinate verified from a public property-profile map. CBD and station distances are straight-line distances, not road or walking distances."
PARR038,Parramatta,2150,1801/11 Hassall Street,720000,2026-01-30,Private Treaty,Apartment,2,2,1,,,,,,,,,Yes,97,,,,,,,,,,,,,,,,,,,,,https://www.domain.com.au/sold-listings/parramatta-nsw-2150/?page=3,Domain public sold-listing data + NSW Valuer General exact-address reference,4146496,address_history,False,,"NSW exact-address match is a prior transaction/history reference, not the 2026 target sale.",Blank enrichment fields mean no sufficiently reliable public value was verified; no synthetic or inferred value was inserted.,,,,No,Sydney Town Hall,-33.8732096512,151.2062082520,https://apps.environment.nsw.gov.au/dpcheritageapp/ViewHeritageItemDetails.aspx?ID=5051902,,,,No sufficiently reliable property coordinate was verified in this enrichment pass; coordinate-derived fields were deliberately left blank rather than estimated.
PARR039,Parramatta,2150,3805/330 Church Street,755000,2026-01-30,Auction,Apartment,2,2,1,,,,,,,,,,,,,,,,,,,,,,,,,,,,,,,https://www.domain.com.au/sold-listings/parramatta-nsw-2150/?page=3,Domain public sold-listing data,,unmatched,False,,,Blank enrichment fields mean no sufficiently reliable public value was verified; no synthetic or inferred value was inserted.,,,,No,Sydney Town Hall,-33.8732096512,151.2062082520,https://apps.environment.nsw.gov.au/dpcheritageapp/ViewHeritageItemDetails.aspx?ID=5051902,,,,No sufficiently reliable property coordinate was verified in this enrichment pass; coordinate-derived fields were deliberately left blank rather than estimated.
PARR040,Parramatta,2150,2/25-29 O'Connell Street,851000,2026-01-30,Private Treaty,Townhouse,2,1,1,,,,,,,,,,,,,,,,,,,,,,,,,,,,,,,https://www.domain.com.au/sold-listings/parramatta-nsw-2150/?page=3,Domain public sold-listing data,,unmatched,False,,,Blank enrichment fields mean no sufficiently reliable public value was verified; no synthetic or inferred value was inserted.,,,,No,Sydney Town Hall,-33.8732096512,151.2062082520,https://apps.environment.nsw.gov.au/dpcheritageapp/ViewHeritageItemDetails.aspx?ID=5051902,,,,No sufficiently reliable property coordinate was verified in this enrichment pass; coordinate-derived fields were deliberately left blank rather than estimated.
PARR041,Parramatta,2150,601/8 River Road West,600000,2026-01-29,Private Treaty,Apartment,2,2,1,108,domain_sold_listing,108,,,,,,,,,,,,,,,,,,,,,,,,,,,,https://www.domain.com.au/sold-listings/parramatta-nsw-2150/?page=3,Domain public sold-listing data,,unmatched,False,,,Blank enrichment fields mean no sufficiently reliable public value was verified; no synthetic or inferred value was inserted.,,,,No,Sydney Town Hall,-33.8732096512,151.2062082520,https://apps.environment.nsw.gov.au/dpcheritageapp/ViewHeritageItemDetails.aspx?ID=5051902,,,,No sufficiently reliable property coordinate was verified in this enrichment pass; coordinate-derived fields were deliberately left blank rather than estimated.
PARR042,Parramatta,2150,11/24-26 Rosehill Street,605000,2026-01-28,Private Treaty,Apartment,2,1,1,97,nsw_exact_address,,,,,,,Yes,11,,,,,,,,,,,,,,,,,,,,,https://www.domain.com.au/sold-listings/parramatta-nsw-2150/?page=3,Domain public sold-listing data + NSW Valuer General exact-address reference,4354406,address_history,False,nsw_recorded_area_m2 preserves the NSW PSI recorded area; its meaning can differ from an advertised internal floor area.,"NSW exact-address match is a prior transaction/history reference, not the 2026 target sale.",Blank enrichment fields mean no sufficiently reliable public value was verified; no synthetic or inferred value was inserted.,,,,No,Sydney Town Hall,-33.8732096512,151.2062082520,https://apps.environment.nsw.gov.au/dpcheritageapp/ViewHeritageItemDetails.aspx?ID=5051902,,,,No sufficiently reliable property coordinate was verified in this enrichment pass; coordinate-derived fields were deliberately left blank rather than estimated.
PARR043,Parramatta,2150,1012C/3 Broughton Street,700000,2026-01-20,Prior to Auction,Apartment,2,2,2,,,,,,,,,,,,,,,,,,,,,,,,,,,,,,,https://www.domain.com.au/sold-listings/parramatta-nsw-2150/?page=2&ssubs=0,Domain public sold-listing data,,unmatched,False,,,Blank enrichment fields mean no sufficiently reliable public value was verified; no synthetic or inferred value was inserted.,,,,No,Sydney Town Hall,-33.8732096512,151.2062082520,https://apps.environment.nsw.gov.au/dpcheritageapp/ViewHeritageItemDetails.aspx?ID=5051902,,,,No sufficiently reliable property coordinate was verified in this enrichment pass; coordinate-derived fields were deliberately left blank rather than estimated.
PARR044,Parramatta,2150,2203/29 Hunter Street,480000,2026-01-15,Private Treaty,Apartment,2,2,1,,,,,,,,,,,-33.81556177,150.99983766,20.108,Parramatta Station,0.550,,,,,,,,,,,,,,,,https://www.domain.com.au/sold-listings/parramatta-nsw-2150/?page=2&ssubs=0,Domain public sold-listing data,,unmatched,False,,,Blank enrichment fields mean no sufficiently reliable public value was verified; no synthetic or inferred value was inserted.,Property.com.au public property-profile map,building-level profile map coordinate,,Yes,Sydney Town Hall,-33.8732096512,151.2062082520,https://apps.environment.nsw.gov.au/dpcheritageapp/ViewHeritageItemDetails.aspx?ID=5051902,Haversine straight-line distance,https://apps.environment.nsw.gov.au/dpcheritageapp/ViewHeritageItemDetails.aspx?ID=5051413,Haversine straight-line distance,"Property/building coordinate verified from a public property-profile map. CBD and station distances are straight-line distances, not road or walking distances."
PARR045,Parramatta,2150,6/28 Broughton Street,1000000,2026-01-15,Private Treaty,Townhouse,3,2,1,,,,,,,,,Yes,6,,,,,,,,,,,,,,,,,,,,,https://www.domain.com.au/sold-listings/parramatta-nsw-2150/?page=2&ssubs=0,Domain public sold-listing data + NSW Valuer General exact-address reference,811255,same_sale,False,,NSW exact-address record also matched target sale price/date within 60 days.,Blank enrichment fields mean no sufficiently reliable public value was verified; no synthetic or inferred value was inserted.,,,,No,Sydney Town Hall,-33.8732096512,151.2062082520,https://apps.environment.nsw.gov.au/dpcheritageapp/ViewHeritageItemDetails.aspx?ID=5051902,,,,No sufficiently reliable property coordinate was verified in this enrichment pass; coordinate-derived fields were deliberately left blank rather than estimated.
PARR046,Parramatta,2150,7603/1A Morton Street,926000,2026-01-14,Private Treaty,Apartment,3,2,2,206,domain_sold_listing,206,,,,,,,,-33.81380448,151.01657557,18.718,Parramatta Station,1.114,,,,,,,,,,,,,,,,https://www.domain.com.au/sold-listings/parramatta-nsw-2150/?page=2&ssubs=0,Domain public sold-listing data,,unmatched,False,,,Blank enrichment fields mean no sufficiently reliable public value was verified; no synthetic or inferred value was inserted.,Property.com.au public property-profile map,building-level profile map coordinate,,Yes,Sydney Town Hall,-33.8732096512,151.2062082520,https://apps.environment.nsw.gov.au/dpcheritageapp/ViewHeritageItemDetails.aspx?ID=5051902,Haversine straight-line distance,https://apps.environment.nsw.gov.au/dpcheritageapp/ViewHeritageItemDetails.aspx?ID=5051413,Haversine straight-line distance,"Property/building coordinate verified from a public property-profile map. CBD and station distances are straight-line distances, not road or walking distances."
PARR047,Parramatta,2150,421/30 Charles Street,770000,2026-01-13,Private Treaty,Apartment,2,2,1,128,domain_sold_listing,128,,,,,,,,,,,,,,,,,,,,,,,,,,,,https://www.domain.com.au/sold-listings/parramatta-nsw-2150/?page=2&ssubs=0,Domain public sold-listing data,,unmatched,False,,,Blank enrichment fields mean no sufficiently reliable public value was verified; no synthetic or inferred value was inserted.,,,,No,Sydney Town Hall,-33.8732096512,151.2062082520,https://apps.environment.nsw.gov.au/dpcheritageapp/ViewHeritageItemDetails.aspx?ID=5051902,,,,No sufficiently reliable property coordinate was verified in this enrichment pass; coordinate-derived fields were deliberately left blank rather than estimated.
PARR048,Parramatta,2150,61/64-66 Great Western Highway,399000,2026-01-13,Private Treaty,Apartment,1,1,1,,,,,,,,,Yes,61,,,,,,,,,,,,,,,,,,,,,https://www.domain.com.au/sold-listings/parramatta-nsw-2150/?page=2&ssubs=0,Domain public sold-listing data + NSW Valuer General exact-address reference,854608,address_history,False,,"NSW exact-address match is a prior transaction/history reference, not the 2026 target sale.",Blank enrichment fields mean no sufficiently reliable public value was verified; no synthetic or inferred value was inserted.,,,,No,Sydney Town Hall,-33.8732096512,151.2062082520,https://apps.environment.nsw.gov.au/dpcheritageapp/ViewHeritageItemDetails.aspx?ID=5051902,,,,No sufficiently reliable property coordinate was verified in this enrichment pass; coordinate-derived fields were deliberately left blank rather than estimated.
PARR049,Parramatta,2150,11/26 Early Street,600000,2026-01-12,Private Treaty,Apartment,2,1,1,,,,,,,,,Yes,11,,,,,,,,,,,,,,,,,,,,,https://www.domain.com.au/sold-listings/parramatta-nsw-2150/?page=2&ssubs=0,Domain public sold-listing data + NSW Valuer General exact-address reference,819298,same_sale,False,,NSW exact-address record also matched target sale price/date within 60 days.,Blank enrichment fields mean no sufficiently reliable public value was verified; no synthetic or inferred value was inserted.,,,,No,Sydney Town Hall,-33.8732096512,151.2062082520,https://apps.environment.nsw.gov.au/dpcheritageapp/ViewHeritageItemDetails.aspx?ID=5051902,,,,No sufficiently reliable property coordinate was verified in this enrichment pass; coordinate-derived fields were deliberately left blank rather than estimated.
PARR050,Parramatta,2150,29/17-19 Hassall Street,675000,2026-01-07,Private Treaty,Apartment,2,2,1,,,,,,,,,,,,,,,,,,,,,,,,,,,,,,,https://www.domain.com.au/sold-listings/parramatta-nsw-2150/?page=2&ssubs=0,Domain public sold-listing data,,unmatched,False,,,Blank enrichment fields mean no sufficiently reliable public value was verified; no synthetic or inferred value was inserted.,,,,No,Sydney Town Hall,-33.8732096512,151.2062082520,https://apps.environment.nsw.gov.au/dpcheritageapp/ViewHeritageItemDetails.aspx?ID=5051902,,,,No sufficiently reliable property coordinate was verified in this enrichment pass; coordinate-derived fields were deliberately left blank rather than estimated.
PENR001,Penrith,2750,16 Burrows Street,870000,2026-08-04,Private Treaty,House,2,2,1,,,,149,property/lot area,,2016,,,,-33.74802347,150.70144919,48.668,Penrith Station,0.507,St Nicholas of Myra Primary School,0.77,,,,,,,Yes,Low Maintenance Modern Living!,"Built in 2016 and proudly offered for sale by its original owner, this immaculately presented residence.","Low Maintenance Modern Living!. Built in 2016 and proudly offered for sale by its original owner, this immaculately presented residence.",https://www.property.com.au/nsw/penrith-2750/burrows-st/16-pid-11166630/,https://www.property.com.au/nsw/penrith-2750/burrows-st/16-pid-11166630/,https://www.domain.com.au/16-burrows-street-penrith-nsw-2750-2020979458,https://www.domain.com.au/16-burrows-street-penrith-nsw-2750-2020979458,Domain public sold-listing data,,unmatched,True,,,"Exact property profile reports Built: 2016, air conditioning, 149 m² land; nearest school shown on profile is St Nicholas of Myra Primary School at 0.77 km.",Property.com.au public property-profile map,exact property-profile map coordinate,https://www.property.com.au/nsw/penrith-2750/burrows-st/16-pid-11166630/,Yes,Sydney Town Hall,-33.8732096512,151.2062082520,https://apps.environment.nsw.gov.au/dpcheritageapp/ViewHeritageItemDetails.aspx?ID=5051902,Haversine straight-line distance,https://dictionaryofsydney.org/building/penrith_railway_station,Haversine straight-line distance,"Property/building coordinate verified from a public property-profile map. CBD and station distances are straight-line distances, not road or walking distances."
PENR002,Penrith,2750,8 Cudgee Road,802000,2026-07-29,Private Treaty,House,4,2,1,,,,1104,property/lot area,,,,,,,,,,,,,,,,,,,Yes,,,,https://www.property.com.au/nsw/penrith-2750/cudgee-rd/8-pid-1854761/,https://www.property.com.au/nsw/penrith-2750/cudgee-rd/8-pid-1854761/,,https://www.domain.com.au/sold-listings/penrith-nsw-2750/,Domain public sold-listing data,,unmatched,False,,,"Exact property profile reports air conditioning and 1,104 m² land. A separately reported aerial building-size estimate was not treated as internal floor area.",,,,No,Sydney Town Hall,-33.8732096512,151.2062082520,https://apps.environment.nsw.gov.au/dpcheritageapp/ViewHeritageItemDetails.aspx?ID=5051902,,,,No sufficiently reliable property coordinate was verified in this enrichment pass; coordinate-derived fields were deliberately left blank rather than estimated.
PENR003,Penrith,2750,631/1-39 Lord Sheffield Circuit,539000,2026-07-29,Private Treaty,Apartment,1,1,1,,,,,,,,,,,-33.74761205,150.69505031,49.248,Penrith Station,0.287,,,,,,,,,,,,,,,,https://www.domain.com.au/sold-listings/penrith-nsw-2750/,Domain public sold-listing data,,unmatched,False,,,Blank enrichment fields mean no sufficiently reliable public value was verified; no synthetic or inferred value was inserted.,Property.com.au public property-profile map,building-level profile map coordinate,,Yes,Sydney Town Hall,-33.8732096512,151.2062082520,https://apps.environment.nsw.gov.au/dpcheritageapp/ViewHeritageItemDetails.aspx?ID=5051902,Haversine straight-line distance,https://dictionaryofsydney.org/building/penrith_railway_station,Haversine straight-line distance,"Property/building coordinate verified from a public property-profile map. CBD and station distances are straight-line distances, not road or walking distances."
PENR004,Penrith,2750,13/72-76 Union Road,585000,2026-07-27,Private Treaty,Apartment,2,1,1,,,,,,,,,,,,,,,,,,,,,,,,,"VACANT, IMMACULATE & READY TO ENJOY","Positioned in one of Penrith's most convenient locations, this beautifully presented apartment.","VACANT, IMMACULATE & READY TO ENJOY. Positioned in one of Penrith's most convenient locations, this beautifully presented apartment.",,,https://www.domain.com.au/13-72-76-union-road-penrith-nsw-2750-2021016996,https://www.domain.com.au/13-72-76-union-road-penrith-nsw-2750-2021016996,Domain public sold-listing data,,unmatched,True,,,Blank enrichment fields mean no sufficiently reliable public value was verified; no synthetic or inferred value was inserted.,,,,No,Sydney Town Hall,-33.8732096512,151.2062082520,https://apps.environment.nsw.gov.au/dpcheritageapp/ViewHeritageItemDetails.aspx?ID=5051902,,,,No sufficiently reliable property coordinate was verified in this enrichment pass; coordinate-derived fields were deliberately left blank rather than estimated.
PENR005,Penrith,2750,404/8-10 Fulton Street,652000,2026-07-24,Private Treaty,Apartment,2,2,1,,,,,,,,,,,,,,,,,,,,,,,,,Luxury Meets Location,2 great sized bedrooms + built-ins. Master bedroom with ensuite.,Luxury Meets Location. 2 great sized bedrooms + built-ins. Master bedroom with ensuite.,,,https://www.domain.com.au/404-8-10-fulton-street-penrith-nsw-2750-2021025642,https://www.domain.com.au/404-8-10-fulton-street-penrith-nsw-2750-2021025642,Domain public sold-listing data,,unmatched,True,,,Blank enrichment fields mean no sufficiently reliable public value was verified; no synthetic or inferred value was inserted.,,,,No,Sydney Town Hall,-33.8732096512,151.2062082520,https://apps.environment.nsw.gov.au/dpcheritageapp/ViewHeritageItemDetails.aspx?ID=5051902,,,,No sufficiently reliable property coordinate was verified in this enrichment pass; coordinate-derived fields were deliberately left blank rather than estimated.
PENR006,Penrith,2750,7/209 Derby Street,502500,2026-07-24,Private Treaty,Apartment,2,1,1,,,,,,,,,Yes,7,,,,,,,,,,,,,,,,,,,,,https://www.domain.com.au/sold-listings/penrith-nsw-2750/,Domain public sold-listing data + NSW Valuer General exact-address reference,2543434,address_history,False,,"NSW exact-address match is a prior transaction/history reference, not the 2026 target sale.",Blank enrichment fields mean no sufficiently reliable public value was verified; no synthetic or inferred value was inserted.,,,,No,Sydney Town Hall,-33.8732096512,151.2062082520,https://apps.environment.nsw.gov.au/dpcheritageapp/ViewHeritageItemDetails.aspx?ID=5051902,,,,No sufficiently reliable property coordinate was verified in this enrichment pass; coordinate-derived fields were deliberately left blank rather than estimated.
PENR007,Penrith,2750,3A Rodley Avenue,995000,2026-07-23,Private Treaty,Duplex,3,2,1,,,,660,property/lot area,,,,,,-33.75445114,150.69213643,49.295,Penrith Station,0.643,,,,,,,,,Yes,Centrally Located Spacious Family Living with No Strata Fees!,"Perfectly located in a peaceful, family-friendly street, this spacious residence delivers a functional floorplan.","Centrally Located Spacious Family Living with No Strata Fees!. Perfectly located in a peaceful, family-friendly street, this spacious residence delivers a functional floorplan.",https://www.property.com.au/nsw/penrith-2750/rodley-ave/3a-pid-9072448/,https://www.property.com.au/nsw/penrith-2750/rodley-ave/3a-pid-9072448/,https://www.domain.com.au/3a-rodley-avenue-penrith-nsw-2750-2020956353,https://www.domain.com.au/3a-rodley-avenue-penrith-nsw-2750-2020956353,Domain public sold-listing data,,unmatched,True,,,Exact duplex profile reports air conditioning and 660 m² land.,Property.com.au public property-profile map,exact property-profile map coordinate,https://www.property.com.au/nsw/penrith-2750/rodley-ave/3a-pid-9072448/,Yes,Sydney Town Hall,-33.8732096512,151.2062082520,https://apps.environment.nsw.gov.au/dpcheritageapp/ViewHeritageItemDetails.aspx?ID=5051902,Haversine straight-line distance,https://dictionaryofsydney.org/building/penrith_railway_station,Haversine straight-line distance,"Property/building coordinate verified from a public property-profile map. CBD and station distances are straight-line distances, not road or walking distances."
PENR008,Penrith,2750,53/42-44 Lethbridge Street,605000,2026-07-22,Private Treaty,Apartment,2,2,2,118,nsw_exact_address,,,,,,,Yes,53,,,,,,,,,,,,,,,SOLD BY HELEN FITZPATRICK 0414 362 955,"A sleek, modern, and light-filled apartment offering the perfect blend of stylish urban living and convenience.","SOLD BY HELEN FITZPATRICK 0414 362 955. A sleek, modern, and light-filled apartment offering the perfect blend of stylish urban living and convenience.",,,https://www.domain.com.au/53-42-44-lethbridge-street-penrith-nsw-2750-2020878128,https://www.domain.com.au/sold-listings/penrith-nsw-2750/,Domain public sold-listing data + NSW Valuer General exact-address reference,4306499,address_history,True,nsw_recorded_area_m2 preserves the NSW PSI recorded area; its meaning can differ from an advertised internal floor area.,"NSW exact-address match is a prior transaction/history reference, not the 2026 target sale.",Blank enrichment fields mean no sufficiently reliable public value was verified; no synthetic or inferred value was inserted.,,,,No,Sydney Town Hall,-33.8732096512,151.2062082520,https://apps.environment.nsw.gov.au/dpcheritageapp/ViewHeritageItemDetails.aspx?ID=5051902,,,,No sufficiently reliable property coordinate was verified in this enrichment pass; coordinate-derived fields were deliberately left blank rather than estimated.
PENR009,Penrith,2750,107/60 Lord Sheffield Circuit,550000,2026-07-21,Private Treaty,Apartment,1,1,1,79,domain_sold_listing,79,,,,,,Yes,18,-33.74740522,150.69845855,48.952,Penrith Station,0.335,,,,,,,Yes,,,Wildwood - The perfect spot for lifestyle and location,"Providing a modern living space in the well-designed Wildwood complex, this one-bedroom plus study apartment.","Wildwood - The perfect spot for lifestyle and location. Providing a modern living space in the well-designed Wildwood complex, this one-bedroom plus study apartment.",,,https://www.domain.com.au/107-60-lord-sheffield-circuit-penrith-nsw-2750-2020922595,https://www.domain.com.au/sold-listings/penrith-nsw-2750/,Domain public sold-listing data + NSW Valuer General exact-address reference,4172451,address_history,True,Domain sold page displays 63m² and 79m²; 79m² retained from sold-card dataset.,"NSW exact-address match is a prior transaction/history reference, not the 2026 target sale.",Blank enrichment fields mean no sufficiently reliable public value was verified; no synthetic or inferred value was inserted.,Property.com.au public property-profile map,building-level profile map coordinate,,Yes,Sydney Town Hall,-33.8732096512,151.2062082520,https://apps.environment.nsw.gov.au/dpcheritageapp/ViewHeritageItemDetails.aspx?ID=5051902,Haversine straight-line distance,https://dictionaryofsydney.org/building/penrith_railway_station,Haversine straight-line distance,"Property/building coordinate verified from a public property-profile map. CBD and station distances are straight-line distances, not road or walking distances."
PENR010,Penrith,2750,513/60 Lord Sheffield Circuit,549000,2026-07-21,Private Treaty,Apartment,1,1,1,61,domain_sold_listing,61,,,,,,,,-33.74740522,150.69845855,48.952,Penrith Station,0.335,,,,,,,,,,,,,,,,https://www.domain.com.au/sold-listings/penrith-nsw-2750/,Domain public sold-listing data,,unmatched,False,,,Blank enrichment fields mean no sufficiently reliable public value was verified; no synthetic or inferred value was inserted.,Property.com.au public property-profile map,building-level profile map coordinate,,Yes,Sydney Town Hall,-33.8732096512,151.2062082520,https://apps.environment.nsw.gov.au/dpcheritageapp/ViewHeritageItemDetails.aspx?ID=5051902,Haversine straight-line distance,https://dictionaryofsydney.org/building/penrith_railway_station,Haversine straight-line distance,"Property/building coordinate verified from a public property-profile map. CBD and station distances are straight-line distances, not road or walking distances."
PENR011,Penrith,2750,206/60 Lord Sheffield Circuit,740000,2026-07-20,Private Treaty,Apartment,2,2,1,109,domain_sold_listing,109,,,,,,,,-33.74740522,150.69845855,48.952,Penrith Station,0.335,,,,,,,,,,,,,,,,https://www.domain.com.au/sold-listings/penrith-nsw-2750/,Domain public sold-listing data,,unmatched,False,,,Blank enrichment fields mean no sufficiently reliable public value was verified; no synthetic or inferred value was inserted.,Property.com.au public property-profile map,building-level profile map coordinate,,Yes,Sydney Town Hall,-33.8732096512,151.2062082520,https://apps.environment.nsw.gov.au/dpcheritageapp/ViewHeritageItemDetails.aspx?ID=5051902,Haversine straight-line distance,https://dictionaryofsydney.org/building/penrith_railway_station,Haversine straight-line distance,"Property/building coordinate verified from a public property-profile map. CBD and station distances are straight-line distances, not road or walking distances."
PENR012,Penrith,2750,301/101D Lord Sheffield Circuit,605000,2026-07-20,Private Treaty,Apartment,2,2,1,,,,,,,,,,,,,,,,,,,,,,,,,,,,,,,https://www.domain.com.au/sold-listings/penrith-nsw-2750/,Domain public sold-listing data,,unmatched,False,,,Blank enrichment fields mean no sufficiently reliable public value was verified; no synthetic or inferred value was inserted.,,,,No,Sydney Town Hall,-33.8732096512,151.2062082520,https://apps.environment.nsw.gov.au/dpcheritageapp/ViewHeritageItemDetails.aspx?ID=5051902,,,,No sufficiently reliable property coordinate was verified in this enrichment pass; coordinate-derived fields were deliberately left blank rather than estimated.
PENR013,Penrith,2750,3/17-19 Haynes Street,449000,2026-07-17,Private Treaty,Apartment,1,1,1,,,,,,,,,Yes,3,,,,,,,,,,,,,,,Modern One Bedroom Apartment in a Prime Penrith Location,"Positioned within a contemporary and well-maintained complex, this stylish one-bedroom apartment.","Modern One Bedroom Apartment in a Prime Penrith Location. Positioned within a contemporary and well-maintained complex, this stylish one-bedroom apartment.",,,https://www.domain.com.au/3-17-19-haynes-street-penrith-nsw-2750-2021007551,https://www.domain.com.au/sold-listings/penrith-nsw-2750/,Domain public sold-listing data + NSW Valuer General exact-address reference,3218190,address_history,True,,"NSW exact-address match is a prior transaction/history reference, not the 2026 target sale.",Blank enrichment fields mean no sufficiently reliable public value was verified; no synthetic or inferred value was inserted.,,,,No,Sydney Town Hall,-33.8732096512,151.2062082520,https://apps.environment.nsw.gov.au/dpcheritageapp/ViewHeritageItemDetails.aspx?ID=5051902,,,,No sufficiently reliable property coordinate was verified in this enrichment pass; coordinate-derived fields were deliberately left blank rather than estimated.
PENR014,Penrith,2750,6/171-173 Derby Street,470000,2026-07-14,Private Treaty,Apartment,2,1,1,74,domain_sold_listing,74,,,,,,,,,,,,,,,,,,,,,,"Smart Start, Full Brick Apartment in Prime Location","Offering lifestyle advantages in a convenient location, just moments to Penrith's vibrant village.","Smart Start, Full Brick Apartment in Prime Location. Offering lifestyle advantages in a convenient location, just moments to Penrith's vibrant village.",,,https://www.domain.com.au/6-171-173-derby-street-penrith-nsw-2750-2020961448,https://www.domain.com.au/sold-listings/penrith-nsw-2750/,Domain public sold-listing data,,unmatched,True,,,Blank enrichment fields mean no sufficiently reliable public value was verified; no synthetic or inferred value was inserted.,,,,No,Sydney Town Hall,-33.8732096512,151.2062082520,https://apps.environment.nsw.gov.au/dpcheritageapp/ViewHeritageItemDetails.aspx?ID=5051902,,,,No sufficiently reliable property coordinate was verified in this enrichment pass; coordinate-derived fields were deliberately left blank rather than estimated.
PENR015,Penrith,2750,7/53-55 King Street,490000,2026-07-12,Private Treaty,Apartment,2,1,1,,,81,,,,,,,,,,,,,,,,,,,,,,,,,,https://www.property.com.au/nsw/penrith-2750/apartment-unit/sold/,,https://www.domain.com.au/sold-listings/penrith-nsw-2750/,Domain public sold-listing data,,unmatched,False,,,Blank enrichment fields mean no sufficiently reliable public value was verified; no synthetic or inferred value was inserted.,,,,No,Sydney Town Hall,-33.8732096512,151.2062082520,https://apps.environment.nsw.gov.au/dpcheritageapp/ViewHeritageItemDetails.aspx?ID=5051902,,,,No sufficiently reliable property coordinate was verified in this enrichment pass; coordinate-derived fields were deliberately left blank rather than estimated.
PENR016,Penrith,2750,105/81C Lord Sheffield Circuit,675000,2026-07-10,Private Treaty,Apartment,2,2,1,149,domain_sold_listing,149,,,,,,,,-33.74936382,150.69787410,48.942,Penrith Station,0.145,,,,,,,,,,,,,,,,https://www.domain.com.au/sold-listings/penrith-nsw-2750/,Domain public sold-listing data,,unmatched,False,,,Blank enrichment fields mean no sufficiently reliable public value was verified; no synthetic or inferred value was inserted.,Property.com.au public property-profile map,building-level profile map coordinate,,Yes,Sydney Town Hall,-33.8732096512,151.2062082520,https://apps.environment.nsw.gov.au/dpcheritageapp/ViewHeritageItemDetails.aspx?ID=5051902,Haversine straight-line distance,https://dictionaryofsydney.org/building/penrith_railway_station,Haversine straight-line distance,"Property/building coordinate verified from a public property-profile map. CBD and station distances are straight-line distances, not road or walking distances."
PENR017,Penrith,2750,510/10 Aviators Way,628000,2026-07-10,Private Treaty,Apartment,2,2,1,115,domain_sold_listing,115,,,,,,,,,,,,,,,,,,,,,,,,,,,,https://www.domain.com.au/sold-listings/penrith-nsw-2750/,Domain public sold-listing data,,unmatched,False,,,Blank enrichment fields mean no sufficiently reliable public value was verified; no synthetic or inferred value was inserted.,,,,No,Sydney Town Hall,-33.8732096512,151.2062082520,https://apps.environment.nsw.gov.au/dpcheritageapp/ViewHeritageItemDetails.aspx?ID=5051902,,,,No sufficiently reliable property coordinate was verified in this enrichment pass; coordinate-derived fields were deliberately left blank rather than estimated.
PENR018,Penrith,2750,G05/10B Premiership Close,680000,2026-07-10,Private Treaty,Apartment,1,1,1,84,domain_sold_listing,84,,,,,,,,,,,,,,,,,,,,,,,,,,,,https://www.domain.com.au/sold-listings/penrith-nsw-2750/,Domain public sold-listing data,,unmatched,False,,,Blank enrichment fields mean no sufficiently reliable public value was verified; no synthetic or inferred value was inserted.,,,,No,Sydney Town Hall,-33.8732096512,151.2062082520,https://apps.environment.nsw.gov.au/dpcheritageapp/ViewHeritageItemDetails.aspx?ID=5051902,,,,No sufficiently reliable property coordinate was verified in this enrichment pass; coordinate-derived fields were deliberately left blank rather than estimated.
PENR019,Penrith,2750,C716/1-39 Lord Sheffield Circuit,647500,2026-07-06,Private Treaty,Apartment,2,2,1,87,domain_sold_listing,87,,,,,,,,-33.74761205,150.69505031,49.248,Penrith Station,0.287,,,,,,,,,,,,,,,,https://www.domain.com.au/sold-listings/penrith-nsw-2750/,Domain public sold-listing data,,unmatched,False,,,Blank enrichment fields mean no sufficiently reliable public value was verified; no synthetic or inferred value was inserted.,Property.com.au public property-profile map,building-level profile map coordinate,,Yes,Sydney Town Hall,-33.8732096512,151.2062082520,https://apps.environment.nsw.gov.au/dpcheritageapp/ViewHeritageItemDetails.aspx?ID=5051902,Haversine straight-line distance,https://dictionaryofsydney.org/building/penrith_railway_station,Haversine straight-line distance,"Property/building coordinate verified from a public property-profile map. CBD and station distances are straight-line distances, not road or walking distances."
PENR020,Penrith,2750,9/144-148 High Street,610000,2026-07-03,Private Treaty,Apartment,2,2,1,,,,,,,,,Yes,9,-33.75659068,150.70972764,47.665,Kingswood Station,0.969,,,,,,,,,,,,,,,,https://www.domain.com.au/sold-listings/penrith-nsw-2750/,Domain public sold-listing data + NSW Valuer General exact-address reference,4178304,address_history,False,,"NSW exact-address match is a prior transaction/history reference, not the 2026 target sale.",Blank enrichment fields mean no sufficiently reliable public value was verified; no synthetic or inferred value was inserted.,Property.com.au public property-profile map,building-level profile map coordinate,,Yes,Sydney Town Hall,-33.8732096512,151.2062082520,https://apps.environment.nsw.gov.au/dpcheritageapp/ViewHeritageItemDetails.aspx?ID=5051902,Haversine straight-line distance,https://mapcarta.com/29999036,Haversine straight-line distance,"Property/building coordinate verified from a public property-profile map. CBD and station distances are straight-line distances, not road or walking distances."
PENR021,Penrith,2750,13/1-2 The Crescent,420000,2026-07-03,Auction,Apartment,2,1,1,2016,domain_sold_listing,2016,,,,,,,,,,,,,,,,,,,,,,,,,,,,https://www.domain.com.au/sold-listings/penrith-nsw-2750/,Domain public sold-listing data,,unmatched,False,,Domain sold-card area is implausible as apartment floor area; retained only as listed_area_m2.,Blank enrichment fields mean no sufficiently reliable public value was verified; no synthetic or inferred value was inserted.,,,,No,Sydney Town Hall,-33.8732096512,151.2062082520,https://apps.environment.nsw.gov.au/dpcheritageapp/ViewHeritageItemDetails.aspx?ID=5051902,,,,No sufficiently reliable property coordinate was verified in this enrichment pass; coordinate-derived fields were deliberately left blank rather than estimated.
PENR022,Penrith,2750,108/29-31 Lethbridge Street,775000,2026-06-19,Private Treaty,Apartment,3,2,2,,,,,,,,,,,,,,,,,,,,,,,,,,,,,,,https://www.domain.com.au/sold-listings/penrith-nsw-2750/?page=2,Domain public sold-listing data,,unmatched,False,,,Blank enrichment fields mean no sufficiently reliable public value was verified; no synthetic or inferred value was inserted.,,,,No,Sydney Town Hall,-33.8732096512,151.2062082520,https://apps.environment.nsw.gov.au/dpcheritageapp/ViewHeritageItemDetails.aspx?ID=5051902,,,,No sufficiently reliable property coordinate was verified in this enrichment pass; coordinate-derived fields were deliberately left blank rather than estimated.
PENR023,Penrith,2750,14/18-24 Higgins Street,825000,2026-06-17,Private Treaty,Apartment,3,2,2,,,162,,,,,,,,,,,,,,,,,,,,,,,,,,https://www.property.com.au/nsw/penrith-2750/apartment-unit/sold/,,https://www.domain.com.au/sold-listings/penrith-nsw-2750/?page=2,Domain public sold-listing data,,unmatched,False,,,Blank enrichment fields mean no sufficiently reliable public value was verified; no synthetic or inferred value was inserted.,,,,No,Sydney Town Hall,-33.8732096512,151.2062082520,https://apps.environment.nsw.gov.au/dpcheritageapp/ViewHeritageItemDetails.aspx?ID=5051902,,,,No sufficiently reliable property coordinate was verified in this enrichment pass; coordinate-derived fields were deliberately left blank rather than estimated.
PENR024,Penrith,2750,215/25-31 Hope Street,602500,2026-06-15,Private Treaty,Apartment,2,2,1,113,nsw_exact_address,,,,,,,Yes,40,-33.75903197,150.70896089,47.660,Kingswood Station,1.025,,,,,,,,,,,,,,,,https://www.domain.com.au/sold-listings/penrith-nsw-2750/?page=2,Domain public sold-listing data + NSW Valuer General exact-address reference,4204993,address_history,False,nsw_recorded_area_m2 preserves the NSW PSI recorded area; its meaning can differ from an advertised internal floor area.,"NSW exact-address match is a prior transaction/history reference, not the 2026 target sale.",Blank enrichment fields mean no sufficiently reliable public value was verified; no synthetic or inferred value was inserted.,Property.com.au public property-profile map,exact property-profile map coordinate,,Yes,Sydney Town Hall,-33.8732096512,151.2062082520,https://apps.environment.nsw.gov.au/dpcheritageapp/ViewHeritageItemDetails.aspx?ID=5051902,Haversine straight-line distance,https://mapcarta.com/29999036,Haversine straight-line distance,"Property/building coordinate verified from a public property-profile map. CBD and station distances are straight-line distances, not road or walking distances."
PENR025,Penrith,2750,214/26A Lord Sheffield Circuit,560000,2026-06-11,Private Treaty,Apartment,1,1,1,,,76,,,,,,,,,,,,,,,,,,,,,,,,,,https://www.property.com.au/nsw/penrith-2750/apartment-unit/sold/,,https://www.domain.com.au/sold-listings/penrith-nsw-2750/?page=2,Domain public sold-listing data,,unmatched,False,,,Blank enrichment fields mean no sufficiently reliable public value was verified; no synthetic or inferred value was inserted.,,,,No,Sydney Town Hall,-33.8732096512,151.2062082520,https://apps.environment.nsw.gov.au/dpcheritageapp/ViewHeritageItemDetails.aspx?ID=5051902,,,,No sufficiently reliable property coordinate was verified in this enrichment pass; coordinate-derived fields were deliberately left blank rather than estimated.
PENR026,Penrith,2750,29/37 Mulgoa Road,435000,2026-06-09,Private Treaty,House,2,1,0,,,,,,,,,Yes,29,,,,,,,,,,,,,,,,,,,,,https://www.domain.com.au/sold-listings/penrith-nsw-2750/?page=2,Domain public sold-listing data + NSW Valuer General exact-address reference,2567045,address_history,False,,"NSW exact-address match is a prior transaction/history reference, not the 2026 target sale.",Blank enrichment fields mean no sufficiently reliable public value was verified; no synthetic or inferred value was inserted.,,,,No,Sydney Town Hall,-33.8732096512,151.2062082520,https://apps.environment.nsw.gov.au/dpcheritageapp/ViewHeritageItemDetails.aspx?ID=5051902,,,,No sufficiently reliable property coordinate was verified in this enrichment pass; coordinate-derived fields were deliberately left blank rather than estimated.
PENR027,Penrith,2750,42 Gascoigne Street,910000,2026-06-02,Private Treaty,House,3,1,1,,,,395,property/lot area,,,,,,-33.75263218,150.71168938,47.614,Kingswood Station,0.994,,,,,,,,,,,,,https://www.property.com.au/nsw/penrith-2750/gascoigne-st/42-pid-662875/,https://www.property.com.au/nsw/penrith-2750/gascoigne-st/42-pid-662875/,,https://www.domain.com.au/sold-listings/penrith-nsw-2750/free-standing/,Domain public sold-listing data,,unmatched,False,,,Exact property profile reports 395 m² land.,Property.com.au public property-profile map,exact property-profile map coordinate,https://www.property.com.au/nsw/penrith-2750/gascoigne-st/42-pid-662875/,Yes,Sydney Town Hall,-33.8732096512,151.2062082520,https://apps.environment.nsw.gov.au/dpcheritageapp/ViewHeritageItemDetails.aspx?ID=5051902,Haversine straight-line distance,https://mapcarta.com/29999036,Haversine straight-line distance,"Property/building coordinate verified from a public property-profile map. CBD and station distances are straight-line distances, not road or walking distances."
PENR028,Penrith,2750,117 Kareela Avenue,870000,2026-06-01,Private Treaty,House,3,1,0,657,domain_sold_listing,657,658,property/lot area,,,,,,-33.73884319,150.71211334,48.035,Penrith Station,1.900,,,,,,,,,,,,,https://www.property.com.au/nsw/penrith-2750/kareela-ave/117-pid-2352888/,https://www.property.com.au/nsw/penrith-2750/kareela-ave/117-pid-2352888/,,https://www.domain.com.au/sold-listings/penrith-nsw-2750/free-standing/,Domain public sold-listing data,,unmatched,False,,,Exact property profile reports 658 m² land.,Property.com.au public property-profile map,exact property-profile map coordinate,https://www.property.com.au/nsw/penrith-2750/kareela-ave/117-pid-2352888/,Yes,Sydney Town Hall,-33.8732096512,151.2062082520,https://apps.environment.nsw.gov.au/dpcheritageapp/ViewHeritageItemDetails.aspx?ID=5051902,Haversine straight-line distance,https://dictionaryofsydney.org/building/penrith_railway_station,Haversine straight-line distance,"Property/building coordinate verified from a public property-profile map. CBD and station distances are straight-line distances, not road or walking distances."
PENR029,Penrith,2750,21 Brown Street,903000,2026-05-30,Auction,House,3,1,2,588,domain_sold_listing,588,588,property/lot area,,,,,,,,,,,,,,,,,,,,,,,,https://www.property.com.au/nsw/penrith-2750/house/sold/,,https://www.domain.com.au/sold-listings/penrith-nsw-2750/free-standing/,Domain public sold-listing data,,unmatched,False,,,Sold-property/street result reports 588 m² land.,,,,No,Sydney Town Hall,-33.8732096512,151.2062082520,https://apps.environment.nsw.gov.au/dpcheritageapp/ViewHeritageItemDetails.aspx?ID=5051902,,,,No sufficiently reliable property coordinate was verified in this enrichment pass; coordinate-derived fields were deliberately left blank rather than estimated.
PENR030,Penrith,2750,3 Vista Street,1000000,2026-05-30,Private Treaty,House,4,1,4,569,domain_sold_listing,569,569,property/lot area,,,,,,-33.75369375,150.68966608,49.538,Penrith Station,0.755,,,,,,,,,,,,,https://www.property.com.au/nsw/penrith-2750/vista-st/3-pid-1719111/,https://www.property.com.au/nsw/penrith-2750/vista-st/3-pid-1719111/,,https://www.domain.com.au/sold-listings/penrith-nsw-2750/free-standing/,Domain public sold-listing data,,unmatched,False,,,Exact property profile reports 569 m² land.,Property.com.au public property-profile map,exact property-profile map coordinate,https://www.property.com.au/nsw/penrith-2750/vista-st/3-pid-1719111/,Yes,Sydney Town Hall,-33.8732096512,151.2062082520,https://apps.environment.nsw.gov.au/dpcheritageapp/ViewHeritageItemDetails.aspx?ID=5051902,Haversine straight-line distance,https://dictionaryofsydney.org/building/penrith_railway_station,Haversine straight-line distance,"Property/building coordinate verified from a public property-profile map. CBD and station distances are straight-line distances, not road or walking distances."
PENR031,Penrith,2750,3/32 Robert Street,910000,2026-05-28,Private Treaty,Townhouse,3,2,2,297,domain_sold_listing,297,297,reported individual townhouse lot/land area,,2013,,Yes,3,-33.74901021,150.70549397,48.278,Penrith Station,0.841,,,,,,,,,Yes,,,,https://www.property.com.au/nsw/penrith-2750/robert-st/3-32-pid-11144297/,https://www.property.com.au/nsw/penrith-2750/robert-st/3-32-pid-11144297/,,https://www.domain.com.au/sold-listings/penrith-nsw-2750/?page=2,Domain public sold-listing data + NSW Valuer General exact-address reference,3719993,address_history,False,nsw_recorded_area_m2 preserves the NSW PSI recorded area; its meaning can differ from an advertised internal floor area.,"NSW exact-address match is a prior transaction/history reference, not the 2026 target sale.","Exact townhouse profile reports Built: 2013, air conditioning and a 297 m² lot.",Property.com.au public property-profile map,exact property-profile map coordinate,https://www.property.com.au/nsw/penrith-2750/robert-st/3-32-pid-11144297/,Yes,Sydney Town Hall,-33.8732096512,151.2062082520,https://apps.environment.nsw.gov.au/dpcheritageapp/ViewHeritageItemDetails.aspx?ID=5051902,Haversine straight-line distance,https://dictionaryofsydney.org/building/penrith_railway_station,Haversine straight-line distance,"Property/building coordinate verified from a public property-profile map. CBD and station distances are straight-line distances, not road or walking distances."
PENR032,Penrith,2750,2/9 Blaxland Avenue,700000,2026-05-16,Private Treaty,Townhouse,2,1,1,,,152,,,,,,,,,,,,,,,,,,,,,,,,,,https://www.property.com.au/nsw/penrith-2750/townhouse/sold/,,https://www.domain.com.au/sold-listings/penrith-nsw-2750/?page=2,Domain public sold-listing data,,unmatched,False,,,Sold-property result reports 152 m²; retained as advertised area because the public card does not unambiguously label it as internal floor area.,,,,No,Sydney Town Hall,-33.8732096512,151.2062082520,https://apps.environment.nsw.gov.au/dpcheritageapp/ViewHeritageItemDetails.aspx?ID=5051902,,,,No sufficiently reliable property coordinate was verified in this enrichment pass; coordinate-derived fields were deliberately left blank rather than estimated.
PENR033,Penrith,2750,209/1 Markham Avenue,490000,2026-05-15,Private Treaty,Apartment,1,1,,80,nsw_exact_address,,,,,,,Yes,30,,,,,,,,,,,,,,,,,,,,,https://www.domain.com.au/sold-listings/penrith-nsw-2750/?page=2,Domain public sold-listing data + NSW Valuer General exact-address reference,4383201,address_history,False,nsw_recorded_area_m2 preserves the NSW PSI recorded area; its meaning can differ from an advertised internal floor area.,"Parking was not consistently exposed in the public result snapshot; left missing rather than guessed. NSW exact-address match is a prior transaction/history reference, not the 2026 target sale.",Blank enrichment fields mean no sufficiently reliable public value was verified; no synthetic or inferred value was inserted.,,,,No,Sydney Town Hall,-33.8732096512,151.2062082520,https://apps.environment.nsw.gov.au/dpcheritageapp/ViewHeritageItemDetails.aspx?ID=5051902,,,,No sufficiently reliable property coordinate was verified in this enrichment pass; coordinate-derived fields were deliberately left blank rather than estimated.
PENR034,Penrith,2750,29 & 29A Bel-Air Road,1270000,2026-05-05,Private Treaty,House,4,2,1,556,domain_sold_listing,556,556,property/lot area,,,,,,,,,,,,,,,,,,,,,,,,https://www.property.com.au/nsw/penrith-2750/house/sold/,,https://www.domain.com.au/sold-listings/penrith-nsw-2750/?page=2,Domain public sold-listing data,,unmatched,False,,,Sold-property result reports 556 m² land for the Bel-Air Road property.,,,,No,Sydney Town Hall,-33.8732096512,151.2062082520,https://apps.environment.nsw.gov.au/dpcheritageapp/ViewHeritageItemDetails.aspx?ID=5051902,,,,No sufficiently reliable property coordinate was verified in this enrichment pass; coordinate-derived fields were deliberately left blank rather than estimated.
PENR035,Penrith,2750,4/57-59 King Street,680000,2026-05-04,Private Treaty,Townhouse,2,1,1,,,,,,,,,,,,,,,,,,,,,,,,,,,,,,,https://www.domain.com.au/sold-listings/penrith-nsw-2750/?page=2,Domain public sold-listing data,,unmatched,False,,,Blank enrichment fields mean no sufficiently reliable public value was verified; no synthetic or inferred value was inserted.,,,,No,Sydney Town Hall,-33.8732096512,151.2062082520,https://apps.environment.nsw.gov.au/dpcheritageapp/ViewHeritageItemDetails.aspx?ID=5051902,,,,No sufficiently reliable property coordinate was verified in this enrichment pass; coordinate-derived fields were deliberately left blank rather than estimated.
PENR036,Penrith,2750,3/147 Stafford Street,831000,2026-04-28,Private Treaty,Townhouse,3,2,2,,,,1491,reported strata/townhouse parcel area; may represent common site,,,,Yes,3,-33.76069909,150.70474147,47.987,Penrith Station,1.423,,,,,,,,,Yes,,,,https://www.property.com.au/nsw/penrith-2750/stafford-st/3-147-pid-2479550/,https://www.property.com.au/nsw/penrith-2750/stafford-st/3-147-pid-2479550/,,https://www.domain.com.au/sold-listings/penrith-nsw-2750/?page=2,Domain public sold-listing data + NSW Valuer General exact-address reference,2579772,address_history,False,,"NSW exact-address match is a prior transaction/history reference, not the 2026 target sale.","Exact townhouse profile reports air conditioning and 1,491 m² land/parcel. Because this is strata/townhouse property, the area is flagged as potentially common-site land.",Property.com.au public property-profile map,exact property-profile map coordinate,https://www.property.com.au/nsw/penrith-2750/stafford-st/3-147-pid-2479550/,Yes,Sydney Town Hall,-33.8732096512,151.2062082520,https://apps.environment.nsw.gov.au/dpcheritageapp/ViewHeritageItemDetails.aspx?ID=5051902,Haversine straight-line distance,https://dictionaryofsydney.org/building/penrith_railway_station,Haversine straight-line distance,"Property/building coordinate verified from a public property-profile map. CBD and station distances are straight-line distances, not road or walking distances."
PENR037,Penrith,2750,6/92 Copeland Street,725000,2026-04-13,Private Treaty,Townhouse,3,1,2,,,,,,,,,,,,,,,,,,,,,,,,,,,,,,,https://www.domain.com.au/sold-listings/penrith-nsw-2750/?page=2,Domain public sold-listing data,,unmatched,False,,,Blank enrichment fields mean no sufficiently reliable public value was verified; no synthetic or inferred value was inserted.,,,,No,Sydney Town Hall,-33.8732096512,151.2062082520,https://apps.environment.nsw.gov.au/dpcheritageapp/ViewHeritageItemDetails.aspx?ID=5051902,,,,No sufficiently reliable property coordinate was verified in this enrichment pass; coordinate-derived fields were deliberately left blank rather than estimated.
PENR038,Penrith,2750,206/115 Derby Street,715000,2026-03-10,Private Treaty,Apartment,2,2,1,84,domain_sold_listing,84,,,,,,,,-33.75923746,150.70614481,47.904,Kingswood Station,1.286,,,,,,,,,,,,,,,,https://www.domain.com.au/sold-listings/penrith-nsw-2750/?page=2,Domain public sold-listing data,,unmatched,False,,,Blank enrichment fields mean no sufficiently reliable public value was verified; no synthetic or inferred value was inserted.,Property.com.au public property-profile map,building-level profile map coordinate,,Yes,Sydney Town Hall,-33.8732096512,151.2062082520,https://apps.environment.nsw.gov.au/dpcheritageapp/ViewHeritageItemDetails.aspx?ID=5051902,Haversine straight-line distance,https://mapcarta.com/29999036,Haversine straight-line distance,"Property/building coordinate verified from a public property-profile map. CBD and station distances are straight-line distances, not road or walking distances."
PENR039,Penrith,2750,2/7-9 Lemongrove Road,665000,2026-03-10,Private Treaty,Apartment,2,2,1,136,domain_sold_listing,136,,,,,,,,,,,,,,,,,,,,,,,,,,,,https://www.domain.com.au/sold-listings/penrith-nsw-2750/?page=2,Domain public sold-listing data,,unmatched,False,,,Blank enrichment fields mean no sufficiently reliable public value was verified; no synthetic or inferred value was inserted.,,,,No,Sydney Town Hall,-33.8732096512,151.2062082520,https://apps.environment.nsw.gov.au/dpcheritageapp/ViewHeritageItemDetails.aspx?ID=5051902,,,,No sufficiently reliable property coordinate was verified in this enrichment pass; coordinate-derived fields were deliberately left blank rather than estimated.
PENR040,Penrith,2750,410/60 Lord Sheffield Circuit,570000,2026-02-25,Private Treaty,Apartment,1,1,1,61,domain_sold_listing,61,,,,,,,,-33.74740522,150.69845855,48.952,Penrith Station,0.335,,,,,,,,,,,,,,,,https://www.domain.com.au/sold-listings/penrith-nsw-2750/?page=2,Domain public sold-listing data,,unmatched,False,,,Blank enrichment fields mean no sufficiently reliable public value was verified; no synthetic or inferred value was inserted.,Property.com.au public property-profile map,building-level profile map coordinate,,Yes,Sydney Town Hall,-33.8732096512,151.2062082520,https://apps.environment.nsw.gov.au/dpcheritageapp/ViewHeritageItemDetails.aspx?ID=5051902,Haversine straight-line distance,https://dictionaryofsydney.org/building/penrith_railway_station,Haversine straight-line distance,"Property/building coordinate verified from a public property-profile map. CBD and station distances are straight-line distances, not road or walking distances."
PENR041,Penrith,2750,207/115 Derby Street,590000,2026-02-24,Private Treaty,Apartment,1,1,1,60,domain_sold_listing,60,,,,,,,,-33.75923746,150.70614481,47.904,Kingswood Station,1.286,,,,,,,,,,,,,,,,https://www.domain.com.au/sold-listings/penrith-nsw-2750/?page=2,Domain public sold-listing data,,unmatched,False,,,Blank enrichment fields mean no sufficiently reliable public value was verified; no synthetic or inferred value was inserted.,Property.com.au public property-profile map,building-level profile map coordinate,,Yes,Sydney Town Hall,-33.8732096512,151.2062082520,https://apps.environment.nsw.gov.au/dpcheritageapp/ViewHeritageItemDetails.aspx?ID=5051902,Haversine straight-line distance,https://mapcarta.com/29999036,Haversine straight-line distance,"Property/building coordinate verified from a public property-profile map. CBD and station distances are straight-line distances, not road or walking distances."
PENR042,Penrith,2750,28/144-148 High Street,660000,2026-02-21,Private Treaty,Apartment,2,2,1,,,,,,,,,Yes,28,-33.75659068,150.70972764,47.665,Kingswood Station,0.969,,,,,Yes,,,,Yes,,,,,,,https://www.domain.com.au/sold-listings/penrith-nsw-2750/?page=2,Domain public sold-listing data + NSW Valuer General exact-address reference,4178304,same_sale,False,,NSW exact-address record also matched target sale price/date within 60 days.,Blank enrichment fields mean no sufficiently reliable public value was verified; no synthetic or inferred value was inserted.,Property.com.au public property-profile map,building-level profile map coordinate,,Yes,Sydney Town Hall,-33.8732096512,151.2062082520,https://apps.environment.nsw.gov.au/dpcheritageapp/ViewHeritageItemDetails.aspx?ID=5051902,Haversine straight-line distance,https://mapcarta.com/29999036,Haversine straight-line distance,"Property/building coordinate verified from a public property-profile map. CBD and station distances are straight-line distances, not road or walking distances."
PENR043,Penrith,2750,203/81C Lord Sheffield Circuit,635000,2026-02-20,Private Treaty,Apartment,2,2,1,,,,,,,,,,,-33.74936382,150.69787410,48.942,Penrith Station,0.145,,,,,,,,,,,,,,,,https://www.domain.com.au/sold-listings/penrith-nsw-2750/?page=2,Domain public sold-listing data,,unmatched,False,,,Blank enrichment fields mean no sufficiently reliable public value was verified; no synthetic or inferred value was inserted.,Property.com.au public property-profile map,building-level profile map coordinate,,Yes,Sydney Town Hall,-33.8732096512,151.2062082520,https://apps.environment.nsw.gov.au/dpcheritageapp/ViewHeritageItemDetails.aspx?ID=5051902,Haversine straight-line distance,https://dictionaryofsydney.org/building/penrith_railway_station,Haversine straight-line distance,"Property/building coordinate verified from a public property-profile map. CBD and station distances are straight-line distances, not road or walking distances."
PENR044,Penrith,2750,23/13-19 Robert Street,575000,2026-02-18,Private Treaty,Apartment,2,1,1,,,,,,,,,Yes,23,,,,,,,,,,,,,,,,,,,,,https://www.domain.com.au/sold-listings/penrith-nsw-2750/?page=2,Domain public sold-listing data + NSW Valuer General exact-address reference,3353653,address_history,False,,"NSW exact-address match is a prior transaction/history reference, not the 2026 target sale.",Blank enrichment fields mean no sufficiently reliable public value was verified; no synthetic or inferred value was inserted.,,,,No,Sydney Town Hall,-33.8732096512,151.2062082520,https://apps.environment.nsw.gov.au/dpcheritageapp/ViewHeritageItemDetails.aspx?ID=5051902,,,,No sufficiently reliable property coordinate was verified in this enrichment pass; coordinate-derived fields were deliberately left blank rather than estimated.
PENR045,Penrith,2750,56 & 56A Illawong Avenue,1350000,2026-03-25,Private Treaty,House,5,2,3,742,domain_sold_listing,742,742,property/lot area,,,,,,,,,,,,,,,,,,,,,,,,https://www.property.com.au/nsw/penrith-2750/house/sold/,,https://www.domain.com.au/sold-listings/penrith-nsw-2750/free-standing/,Domain public sold-listing data,,unmatched,False,,,Sold-property result reports 742 m² land.,,,,No,Sydney Town Hall,-33.8732096512,151.2062082520,https://apps.environment.nsw.gov.au/dpcheritageapp/ViewHeritageItemDetails.aspx?ID=5051902,,,,No sufficiently reliable property coordinate was verified in this enrichment pass; coordinate-derived fields were deliberately left blank rather than estimated.
PENR046,Penrith,2750,23 Doonmore Street,960000,2026-03-20,Private Treaty,House,6,2,3,600,domain_sold_listing,600,600,property/lot area,,,,,,,,,,,,,,,,,,,,,,,,https://www.property.com.au/nsw/penrith-2750/house/sold/,,https://www.domain.com.au/sold-listings/penrith-nsw-2750/free-standing/,Domain public sold-listing data,,unmatched,False,,,Sold listing reports approximately 600 m² land.,,,,No,Sydney Town Hall,-33.8732096512,151.2062082520,https://apps.environment.nsw.gov.au/dpcheritageapp/ViewHeritageItemDetails.aspx?ID=5051902,,,,No sufficiently reliable property coordinate was verified in this enrichment pass; coordinate-derived fields were deliberately left blank rather than estimated.
PENR047,Penrith,2750,207/81A Lord Sheffield Circuit,490000,2026-01-13,Private Treaty,Apartment,1,1,1,68,domain_sold_listing,68,,,,,,,,,,,,,,,,,,,,,,,,,,,,https://www.domain.com.au/sold-listings/penrith-nsw-2750/?page=2,Domain public sold-listing data,,unmatched,False,,,Blank enrichment fields mean no sufficiently reliable public value was verified; no synthetic or inferred value was inserted.,,,,No,Sydney Town Hall,-33.8732096512,151.2062082520,https://apps.environment.nsw.gov.au/dpcheritageapp/ViewHeritageItemDetails.aspx?ID=5051902,,,,No sufficiently reliable property coordinate was verified in this enrichment pass; coordinate-derived fields were deliberately left blank rather than estimated.
PENR048,Penrith,2750,107/115 Derby Street,579000,2026-01-12,Private Treaty,Apartment,1,1,1,60,domain_sold_listing,60,,,,,,Yes,17,-33.75923746,150.70614481,47.904,Kingswood Station,1.286,,,,,,,,,,,,,,,,https://www.domain.com.au/sold-listings/penrith-nsw-2750/?page=2,Domain public sold-listing data + NSW Valuer General exact-address reference,6040288,same_sale,False,nsw_recorded_area_m2 preserves the NSW PSI recorded area; its meaning can differ from an advertised internal floor area.,NSW exact-address record also matched target sale price/date within 60 days.,Blank enrichment fields mean no sufficiently reliable public value was verified; no synthetic or inferred value was inserted.,Property.com.au public property-profile map,building-level profile map coordinate,,Yes,Sydney Town Hall,-33.8732096512,151.2062082520,https://apps.environment.nsw.gov.au/dpcheritageapp/ViewHeritageItemDetails.aspx?ID=5051902,Haversine straight-line distance,https://mapcarta.com/29999036,Haversine straight-line distance,"Property/building coordinate verified from a public property-profile map. CBD and station distances are straight-line distances, not road or walking distances."
PENR049,Penrith,2750,97 Copeland Street,1150000,2026-01-12,Private Treaty,House,3,1,3,560,domain_sold_listing,560,560,property/lot area,,,,,,-33.75318625,150.70942576,47.797,Kingswood Station,1.131,,,,,,,,,,,,,https://www.property.com.au/nsw/penrith-2750/copeland-st/97-pid-413919/,https://www.property.com.au/nsw/penrith-2750/copeland-st/97-pid-413919/,,https://www.domain.com.au/sold-listings/penrith-nsw-2750/free-standing/,Domain public sold-listing data,,unmatched,False,,,Exact property profile reports 560 m² land. Other current profile attributes were not used where they could differ from the historical sold listing.,Property.com.au public property-profile map,exact property-profile map coordinate,https://www.property.com.au/nsw/penrith-2750/copeland-st/97-pid-413919/,Yes,Sydney Town Hall,-33.8732096512,151.2062082520,https://apps.environment.nsw.gov.au/dpcheritageapp/ViewHeritageItemDetails.aspx?ID=5051902,Haversine straight-line distance,https://mapcarta.com/29999036,Haversine straight-line distance,"Property/building coordinate verified from a public property-profile map. CBD and station distances are straight-line distances, not road or walking distances."
PENR050,Penrith,2750,826/1-39 Lord Sheffield Circuit,680000,2026-01-09,Private Treaty,Apartment,2,2,1,,,,,,,,,Yes,95,-33.74761205,150.69505031,49.248,Penrith Station,0.287,,,,,,,,,,,,,,,,https://www.domain.com.au/sold-listings/penrith-nsw-2750/?page=2,Domain public sold-listing data + NSW Valuer General exact-address reference,4094460,address_history,False,,"NSW exact-address match is a prior transaction/history reference, not the 2026 target sale.",Blank enrichment fields mean no sufficiently reliable public value was verified; no synthetic or inferred value was inserted.,Property.com.au public property-profile map,building-level profile map coordinate,,Yes,Sydney Town Hall,-33.8732096512,151.2062082520,https://apps.environment.nsw.gov.au/dpcheritageapp/ViewHeritageItemDetails.aspx?ID=5051902,Haversine straight-line distance,https://dictionaryofsydney.org/building/penrith_railway_station,Haversine straight-line distance,"Property/building coordinate verified from a public property-profile map. CBD and station distances are straight-line distances, not road or walking distances."
